Timestamp,Q1,Q2,Q3,Q4,Q5,Q6,Avg_EAR,Std_EAR,Avg_MAR,Std_MAR,Positive_Percent,Neutral_Percent,Negative_Percent,Sentiment_Pos,Sentiment_Neu,Sentiment_Neg,Sentiment_Comp,Mean_Pitch,Std_Pitch,,,,,,,,,,,,,,,,,,,,
2025-08-25 12:33:12,Never,Never,Never,Never,Never,The symptoms of burnout that I’m experiencing won’t go away. I think about frustration at work a lot,0.254362643,0.03828761476,0.07858414476,0.07985459914,5.555555556,83.33333333,11.11111111,0,1,0,0,N/A,N/A,1,0,0,0,0,1,0,0,0,0,0,1,0,0,0,0,0,0,15,0
2025-08-25 15:19:52,Often,Rarely,Rarely,Rarely,Rarely,The symptoms of burnout that I’m experiencing won’t go away. I think about frustration at work a lot,0.2772787445,0.07029007249,0.073521108,0.03730673203,92.85714286,7.142857143,0,0.57,0.43,0,0.8908,N/A,N/A,0,0,0,1,0,12,0,0,0,0,0,0,0,0,0,0,0,0,1,0
2025-08-25 15:21:36,Sometimes,Often,Often,Sometimes,Rarely,"I am definitely burning out and have one or more symptoms of burnout, such as physical and emotional exhaustion",0.2608956422,0.01793317824,0.03774869609,0.02787783758,12.5,0,87.5,0.238,0.621,0.14,0.344,N/A,N/A,0,0,0,0,0,1,0,0,6,0,0,1,0,0,0,0,0,0,0,0
2025-08-25 15:28:36,Sometimes,Often,Often,Sometimes,Rarely,"I am definitely burning out and have one or more symptoms of burnout, such as physical and emotional exhaustion",0.2608956422,0.01793317824,0.03774869609,0.02787783758,12.5,0,87.5,0.238,0.621,0.14,0.344,N/A,N/A,0,0,0,0,0,1,0,0,6,0,0,1,0,0,0,0,0,0,0,0
2025-08-25 15:29:38,Sometimes,Always,Sometimes,Always,Sometimes,"I am definitely burning out and have one or more symptoms of burnout, such as physical and emotional exhaustion",0.268225989,0.01323570733,0.01187034385,0.004968633058,25,25,50,0,0.545,0.455,-0.3612,N/A,N/A,0,0,0,0,0,1,0,0,0,0,0,2,0,0,0,0,0,0,1,0
2025-08-25 16:14:10,Sometimes,Sometimes,Sometimes,Often,Rarely,"Occasionally I am under stress, and I don’t always have as much energy as I once did, but I don’t feel burned out",0.3120355826,0.05824009926,0.06324965456,0.03572778704,0,33.33333333,66.66666667,0.472,0.402,0.126,0.7845,N/A,N/A,0,0,0,0,0,0,0,0,1,0,0,1,0,0,0,2,0,0,2,0
2025-08-25 17:01:08,Often,Often,Rarely,Sometimes,Sometimes,"Occasionally I am under stress, and I don’t always have as much energy as I once did, but I don’t feel burned out",0.2807140741,0.01843309559,0.03244816746,0.008771918837,0,30,70,0.197,0.587,0.217,-0.3269,N/A,N/A,0,0,1,0,0,0,0,0,5,0,0,1,0,0,0,0,0,0,3,0
2025-08-25 17:14:09,Always,Sometimes,Sometimes,Rarely,Sometimes,I feel completely burned out and often wonder if I can go on. I am at the point where I may need some changes or may need to seek some sort of help,0.2896522888,0.04632046853,0.0450649235,0.02701421205,22.22222222,44.44444444,33.33333333,0,1,0,0,N/A,N/A,1,0,0,0,0,2,0,0,0,0,0,2,0,0,0,0,0,0,4,0
2025-08-25 17:14:19,Always,Sometimes,Sometimes,Rarely,Sometimes,I feel completely burned out and often wonder if I can go on. I am at the point where I may need some changes or may need to seek some sort of help,0.2896522888,0.04632046853,0.0450649235,0.02701421205,22.22222222,44.44444444,33.33333333,0,1,0,0,N/A,N/A,1,0,0,0,0,2,0,0,0,0,0,2,0,0,0,0,0,0,4,0
2025-08-25 17:30:09,Often,Always,Always,Never,Rarely,"I am definitely burning out and have one or more symptoms of burnout, such as physical and emotional exhaustion",0.2784588638,0.04823197036,0.04573635705,0.04433594487,50,25,25,0,0.704,0.296,-0.4937,N/A,N/A,0,1,0,0,0,4,0,0,0,0,0,1,0,0,0,0,0,0,2,0
2025-08-25 17:32:13,Sometimes,Sometimes,Sometimes,Rarely,Rarely,"I am definitely burning out and have one or more symptoms of burnout, such as physical and emotional exhaustion",0.2820781391,0.04282551305,0.06557794191,0.03271714355,11.11111111,11.11111111,77.77777778,0,0.742,0.258,-0.5511,N/A,N/A,0,0,0,0,0,1,0,0,0,0,0,4,0,0,0,2,1,0,1,0
2025-08-26 10:33:21,Sometimes,Rarely,Sometimes,Always,Sometimes,"Occasionally I am under stress, and I don’t always have as much energy as I once did, but I don’t feel burned out",0.251807729,0.0427429449,0.03298565417,0.03067645464,0,77.77777778,22.22222222,0.2,0.518,0.282,-0.1505,N/A,N/A,0,0,0,0,0,0,1,0,0,0,0,1,0,0,0,0,0,0,7,0
2025-08-26 19:39:18,Always,Always,Sometimes,Often,Often,"Occasionally I am under stress, and I don’t always have as much energy as I once did, but I don’t feel burned out",0.2716437819,0.04496637209,0.1018397701,0.02323378734,50,0,50,0.487,0.263,0.25,0.5584,N/A,N/A,0,1,1,0,0,2,0,0,0,0,0,0,0,0,0,0,0,0,0,0
2025-08-26 19:43:01,Always,Often,Sometimes,Rarely,Sometimes,"Occasionally I am under stress, and I don’t always have as much energy as I once did, but I don’t feel burned out",0.2367850381,0.02139448405,0.04710403364,0.007881816167,25,0,75,0.149,0.67,0.18,-0.1531,N/A,N/A,0,0,3,0,0,1,0,0,0,0,0,0,0,0,0,0,0,0,0,0
2025-08-26 22:41:10,Often,Sometimes,Rarely,Never,Rarely,"I am definitely burning out and have one or more symptoms of burnout, such as physical and emotional exhaustion",0.2508684991,0.03038241494,0.04048387783,0.01590938813,0,80,20,0,0.628,0.372,-0.836,N/A,N/A,0,0,0,0,0,0,0,0,1,0,0,0,0,0,0,0,0,0,4,0
2025-08-27 00:15:15,Often,Rarely,Rarely,Sometimes,Rarely,"Occasionally I am under stress, and I don’t always have as much energy as I once did, but I don’t feel burned out",0.2820734906,0.04995680948,0.0542643364,0.06063193232,0,64.28571429,35.71428571,0,0.667,0.333,-0.3612,N/A,N/A,0,1,0,0,0,0,0,0,1,0,0,1,0,0,0,2,0,0,9,0
2025-08-27 00:16:42,Sometimes,Often,Rarely,Often,Rarely,The symptoms of burnout that I’m experiencing won’t go away. I think about frustration at work a lot,0.1978124944,0.05602445961,0.06608604118,0.0768330617,0,25,75,0.189,0.699,0.112,0.3664,N/A,N/A,0,0,0,0,0,0,0,0,2,0,0,1,0,0,0,0,0,0,1,0
2025-08-28 17:42:41,Sometimes,Sometimes,Never,Often,Always,"Occasionally I am under stress, and I don’t always have as much energy as I once did, but I don’t feel burned out",0.3380337937,0.03151343959,0.02512042583,0.02726473973,0,80,20,0,0.711,0.289,-0.6478,N/A,N/A,0,0,0,0,0,0,0,0,1,0,0,0,0,0,0,0,0,0,4,0
2025-08-28 18:57:32,Always,Rarely,Always,Always,Often,I enjoy my work. I have no symptoms of burnout,0.2708750053,0.04404830864,0.03018668379,0.01740952476,20,40,40,0.363,0.637,0,0.8824,N/A,N/A,1,0,0,0,0,1,0,0,0,0,0,1,0,0,0,0,0,0,2,0
2025-08-28 19:01:14,Always,Sometimes,Always,Often,Always,"Occasionally I am under stress, and I don’t always have as much energy as I once did, but I don’t feel burned out",0.2571630541,0.05048710259,0.07848653042,0.05068646569,75,25,0,0.35,0.65,0,0.8832,N/A,N/A,0,0,0,0,0,3,0,0,0,0,0,0,0,0,0,0,0,0,1,0
2025-08-28 21:44:48,Often,Often,Always,Always,Always,I enjoy my work. I have no symptoms of burnout,0.3132662469,0.03900533838,0.04413389033,0.02482682218,60,20,20,0.204,0.796,0,0.6249,N/A,N/A,0,0,0,0,0,3,0,0,1,0,0,0,0,0,0,0,0,0,1,0
2025-08-28 21:49:40,Always,Always,Always,Never,Never,"I am definitely burning out and have one or more symptoms of burnout, such as physical and emotional exhaustion",0.308470204,0.01785590626,0.03533436783,0.02387973789,20,40,40,0.104,0.896,0,0.296,N/A,N/A,0,0,0,0,0,1,0,0,2,0,0,0,0,0,0,0,0,0,2,0
2025-08-29 15:27:21,Sometimes,Rarely,Never,Always,Always,I enjoy my work. I have no symptoms of burnout,0.2666069156,0.02607763582,0.03913809247,0.0248573578,0,66.66666667,33.33333333,0,0.916,0.084,-0.0951,N/A,N/A,0,0,0,0,0,0,0,0,0,0,0,0,0,0,1,0,0,0,2,0
2025-08-29 15:27:32,Sometimes,Rarely,Never,Always,Always,I enjoy my work. I have no symptoms of burnout,0.2666069156,0.02607763582,0.03913809247,0.0248573578,0,66.66666667,33.33333333,0,0.916,0.084,-0.0951,N/A,N/A,0,0,0,0,0,0,0,0,0,0,0,0,0,0,1,0,0,0,2,0
2025-08-29 15:31:10,Sometimes,Sometimes,Rarely,Always,Always,I enjoy my work. I have no symptoms of burnout,0.2685069381,0.01731048165,0.01225467489,0.005489377787,0,40,60,0.379,0.621,0,0.6697,N/A,N/A,0,0,0,0,0,0,0,0,2,0,0,1,0,0,0,0,0,0,2,0
2025-08-29 17:17:15,Often,Sometimes,Sometimes,Rarely,Often,"Occasionally I am under stress, and I don’t always have as much energy as I once did, but I don’t feel burned out",0,0,0,0,0,0,100,0.195,0.805,0,0.5267,N/A,N/A,1,0,0,0,0,0,0,0,0,0,0,0,0,0,0,0,0,0,0,0
2025-08-29 17:20:39,Rarely,Sometimes,Sometimes,Rarely,Often,"Occasionally I am under stress, and I don’t always have as much energy as I once did, but I don’t feel burned out",0.2265373569,0.013443212,0.02865499259,0.01309262771,0,66.66666667,33.33333333,0,0.605,0.395,-0.7346,N/A,N/A,0,0,0,0,0,0,0,0,0,0,0,1,0,0,0,0,0,0,2,0
2025-08-29 17:25:17,Never,Often,Always,Always,Often,I enjoy my work. I have no symptoms of burnout,0.2281798245,0.02813707208,0.02829291691,0.006265303475,0,50,50,0,1,0,0,N/A,N/A,0,0,1,0,0,0,0,0,0,0,0,1,0,0,0,0,0,0,2,0
2025-08-29 17:24:39,Sometimes,Rarely,Often,Sometimes,Often,"Occasionally I am under stress, and I don’t always have as much energy as I once did, but I don’t feel burned out",0,0,0,0,100,0,0,0,0.69,0.31,-0.5574,N/A,N/A,0,0,0,1,0,0,0,0,0,0,0,0,0,0,0,0,0,0,0,0
2025-08-29 17:24:47,Sometimes,Rarely,Often,Sometimes,Often,"Occasionally I am under stress, and I don’t always have as much energy as I once did, but I don’t feel burned out",0,0,0,0,100,0,0,0,0.69,0.31,-0.5574,N/A,N/A,0,0,0,1,0,0,0,0,0,0,0,0,0,0,0,0,0,0,0,0
2025-08-29 17:36:26,Rarely,Never,Sometimes,Often,Often,I enjoy my work. I have no symptoms of burnout,0.2245250841,0.03538610588,0.0286256823,0.02971031154,40,60,0,0.473,0.459,0.069,0.8206,N/A,N/A,0,0,0,1,0,1,0,0,0,0,0,0,0,0,0,0,0,0,3,0
2025-08-29 17:40:32,Often,Rarely,Rarely,Often,Sometimes,I enjoy my work. I have no symptoms of burnout,0.2748682476,0.01680025233,0.0242295493,0.006915979782,0,100,0,0.094,0.906,0,0.1419,N/A,N/A,0,0,0,0,0,0,0,0,0,0,0,0,0,0,0,0,0,0,4,0
2025-08-29 17:40:38,Often,Rarely,Rarely,Often,Sometimes,I enjoy my work. I have no symptoms of burnout,0.2748682476,0.01680025233,0.0242295493,0.006915979782,0,100,0,0.094,0.906,0,0.1419,N/A,N/A,0,0,0,0,0,0,0,0,0,0,0,0,0,0,0,0,0,0,4,0
2025-08-29 17:43:49,Rarely,Rarely,Never,Always,Always,I enjoy my work. I have no symptoms of burnout,0.2753605449,0.01294638104,0.01624834052,0.003830522421,0,100,0,0.415,0.585,0,0.8485,N/A,N/A,0,0,0,0,0,0,0,0,0,0,0,0,0,0,0,0,0,0,4,0
2025-08-29 17:46:58,Rarely,Often,Rarely,Always,Always,I enjoy my work. I have no symptoms of burnout,0.2643930468,0.03958093403,0.01132310522,0.003062945934,50,50,0,0,0.518,0.482,-0.4201,N/A,N/A,0,0,0,0,0,1,0,0,0,0,0,0,0,0,0,0,0,0,1,0
2025-08-29 17:52:20,Sometimes,Rarely,Never,Often,Often,"Occasionally I am under stress, and I don’t always have as much energy as I once did, but I don’t feel burned out",0.2724744311,0.02275669916,0.03214897281,0.004616456558,100,0,0,0.29,0.71,0,0.6497,N/A,N/A,0,0,0,0,0,4,0,0,0,0,0,0,0,0,0,0,0,0,0,0
2025-08-29 19:36:11,Sometimes,Often,Often,Sometimes,Rarely,"Occasionally I am under stress, and I don’t always have as much energy as I once did, but I don’t feel burned out",0.2382202064,0.01839870631,0.03038701274,0.00587992926,0,0,100,0.273,0.727,0,0.7096,N/A,N/A,0,0,0,0,0,0,0,0,2,0,0,1,0,0,0,0,0,0,0,0
2025-08-29 19:41:03,Rarely,Often,Sometimes,Often,Sometimes,"Occasionally I am under stress, and I don’t always have as much energy as I once did, but I don’t feel burned out",0.2616392877,0.03910624404,0.03046842094,0.02484561049,83.33333333,16.66666667,0,0.448,0,0.552,-0.1779,N/A,N/A,0,0,0,0,0,5,0,0,0,0,0,0,0,0,0,0,0,0,1,0
2025-08-29 20:39:34,Rarely,Sometimes,Often,Often,Sometimes,"I am definitely burning out and have one or more symptoms of burnout, such as physical and emotional exhaustion",0.2408921519,0.03134476244,0.03707316978,0.03990255544,0,33.33333333,66.66666667,0.278,0.722,0,0.743,N/A,N/A,0,1,0,0,0,0,0,0,0,1,0,0,0,0,0,0,0,0,1,0
2025-08-29 20:44:14,Sometimes,Never,Never,Always,Always,I enjoy my work. I have no symptoms of burnout,0.2669756543,0.05221282039,0.01814718351,0.006664754807,20,80,0,0.159,0.697,0.144,0.1171,N/A,N/A,0,0,0,0,0,1,0,0,0,0,0,0,0,0,0,0,0,0,4,0
2025-08-29 21:04:33,Sometimes,Often,Sometimes,Always,Sometimes,"Occasionally I am under stress, and I don’t always have as much energy as I once did, but I don’t feel burned out",0.239733776,0.01799127967,0.008044194131,0.003477641896,75,0,25,0,0.752,0.248,-0.6801,N/A,N/A,0,1,0,0,0,3,0,0,0,0,0,0,0,0,0,0,0,0,0,0
2025-08-29 21:41:18,Sometimes,Never,Never,Often,Often,"Occasionally I am under stress, and I don’t always have as much energy as I once did, but I don’t feel burned out",0.2682378148,0.01983036313,0.02940051751,0.006274899651,25,0,75,0,0.682,0.318,-0.4201,N/A,N/A,0,0,0,0,0,1,0,0,0,0,0,3,0,0,0,0,0,0,0,0
2025-08-29 21:44:28,Rarely,Never,Never,Often,Always,I enjoy my work. I have no symptoms of burnout,0.2247958062,0.02814469803,0.05352777235,0.01277569391,100,0,0,0,1,0,0,N/A,N/A,0,0,0,0,0,3,0,0,0,0,0,0,0,0,0,0,0,0,0,0
2025-08-29 21:50:26,Sometimes,Often,Rarely,Rarely,Often,I enjoy my work. I have no symptoms of burnout,0.2236207479,0.03054826888,0.02076180222,0.01130121351,0,75,25,0.394,0.606,0,0.6369,N/A,N/A,0,1,0,0,0,0,0,0,0,0,0,0,0,0,0,0,0,0,3,0
2025-08-29 21:53:32,Always,Always,Never,Often,Sometimes,"Occasionally I am under stress, and I don’t always have as much energy as I once did, but I don’t feel burned out",0.2454442373,0.0215480144,0.02117147839,0.01222529715,0,40,60,0,1,0,0,N/A,N/A,1,0,0,0,0,0,0,0,0,1,0,1,0,0,0,0,0,0,2,0
2025-08-29 22:00:52,Often,Sometimes,Rarely,Always,Often,"I am definitely burning out and have one or more symptoms of burnout, such as physical and emotional exhaustion",0.2202846626,0.02495751954,0.04420197314,0.01911299804,0,100,0,0.124,0.565,0.311,-0.5103,N/A,N/A,0,0,0,0,0,0,0,0,0,0,0,0,0,0,0,0,0,0,4,0
2025-08-29 22:03:21,Often,Often,Sometimes,Sometimes,Rarely,"Occasionally I am under stress, and I don’t always have as much energy as I once did, but I don’t feel burned out",0.2429543328,0.01481525804,0.0531217782,0.02468781391,0,75,25,0,1,0,0,N/A,N/A,0,0,0,0,0,0,1,0,0,0,0,0,0,0,0,0,0,0,3,0
2025-08-29 22:05:51,Often,Sometimes,Often,Never,Never,I enjoy my work. I have no symptoms of burnout,0.2354948086,0.01783050744,0.03431856959,0.02918877267,25,50,25,0.158,0.842,0,0.3089,N/A,N/A,0,0,0,1,0,0,0,0,1,0,0,0,0,0,0,0,0,0,2,0
2025-08-29 22:17:07,Often,Always,Sometimes,Never,Sometimes,The symptoms of burnout that I’m experiencing won’t go away. I think about frustration at work a lot,0.2860106637,0.04783676662,0.03427624038,0.01999734129,0,100,0,0.355,0.645,0,0.6705,N/A,N/A,0,0,0,0,0,0,0,0,0,0,0,0,0,0,0,0,0,0,4,0
2025-08-29 22:18:51,Sometimes,Often,Rarely,Often,Sometimes,"Occasionally I am under stress, and I don’t always have as much energy as I once did, but I don’t feel burned out",0.2381229791,0.03249650029,0.06838958744,0.04345536442,100,0,0,0,1,0,0,N/A,N/A,0,0,0,0,0,2,0,0,0,0,0,0,0,0,0,0,0,0,0,0
2025-08-29 22:18:58,Sometimes,Often,Rarely,Often,Sometimes,"Occasionally I am under stress, and I don’t always have as much energy as I once did, but I don’t feel burned out",0.2381229791,0.03249650029,0.06838958744,0.04345536442,100,0,0,0.357,0.643,0,0.7269,N/A,N/A,0,0,0,0,0,2,0,0,0,0,0,0,0,0,0,0,0,0,0,0
2025-08-30 15:24:34,Often,Sometimes,Sometimes,Sometimes,Rarely,"I am definitely burning out and have one or more symptoms of burnout, such as physical and emotional exhaustion",0.304763225,0.05808953009,0.03977712361,0.01676010158,12.5,62.5,25,0,0.54,0.46,-0.7159,N/A,N/A,0,1,0,0,0,1,1,0,0,0,0,0,0,0,0,0,0,0,5,0
2025-08-30 15:27:27,Often,Sometimes,Often,Sometimes,Rarely,The symptoms of burnout that I’m experiencing won’t go away. I think about frustration at work a lot,0.2777208747,0.04241552811,0.02631268369,0.03188110403,10,60,30,0,0.571,0.429,-0.4588,N/A,N/A,0,0,0,0,0,1,0,0,2,0,0,1,0,0,0,0,0,0,6,0
2025-08-30 15:35:35,Sometimes,Sometimes,Often,Sometimes,Always,"Occasionally I am under stress, and I don’t always have as much energy as I once did, but I don’t feel burned out",0.2806467691,0.08098284162,0.05289467427,0.04215308635,0,33.33333333,66.66666667,0.224,0.776,0,0.6369,N/A,N/A,0,1,0,0,0,0,0,0,2,0,0,3,0,0,0,0,0,0,3,0
2025-08-30 15:59:32,Rarely,Sometimes,Rarely,Always,Always,"Occasionally I am under stress, and I don’t always have as much energy as I once did, but I don’t feel burned out",0.2705134282,0.02060800292,0.03831888301,0.04219578281,0,25,75,0.137,0.863,0,0.2263,N/A,N/A,1,0,1,0,0,0,0,0,0,0,0,1,0,0,0,0,0,0,1,0
2025-08-30 16:03:38,Sometimes,Often,Sometimes,Often,Rarely,"I am definitely burning out and have one or more symptoms of burnout, such as physical and emotional exhaustion",0.2478047439,0.03502849592,0.03476076831,0.02363112682,25,75,0,0.147,0.725,0.128,-0.3506,N/A,N/A,0,0,0,0,0,1,0,0,0,0,0,0,0,0,0,0,0,0,3,0
2025-08-30 16:04:16,Sometimes,Rarely,Never,Sometimes,Often,I enjoy my work. I have no symptoms of burnout,0.246078888,0.04605660342,0.03903781203,0.02214047398,0,80,20,0.159,0.11,0.731,-0.8858,N/A,N/A,1,1,0,0,0,0,0,0,0,0,0,0,0,0,0,0,0,0,8,0
2025-08-30 16:04:23,Sometimes,Rarely,Never,Sometimes,Often,I enjoy my work. I have no symptoms of burnout,0.246078888,0.04605660342,0.03903781203,0.02214047398,0,80,20,0.159,0.11,0.731,-0.8858,N/A,N/A,1,1,0,0,0,0,0,0,0,0,0,0,0,0,0,0,0,0,8,0
2025-08-30 16:07:06,Sometimes,Rarely,Rarely,Often,Often,"Occasionally I am under stress, and I don’t always have as much energy as I once did, but I don’t feel burned out",0.2337476032,0.04518715119,0.02265794459,0.007403980492,25,25,50,0.157,0.594,0.248,-0.5574,N/A,N/A,0,0,0,0,0,1,0,0,0,1,0,1,0,0,0,0,0,0,1,0
2025-08-30 16:08:18,Often,Sometimes,Rarely,Always,Always,"Occasionally I am under stress, and I don’t always have as much energy as I once did, but I don’t feel burned out",0.2643865427,0.06229079833,0.0686698153,0.03568525531,33.33333333,55.55555556,11.11111111,0.14,0.726,0.134,0.0243,N/A,N/A,0,0,0,0,0,3,0,0,0,0,0,1,0,0,0,0,0,0,5,0
2025-08-30 16:35:26,Rarely,Sometimes,Rarely,Often,Sometimes,"Occasionally I am under stress, and I don’t always have as much energy as I once did, but I don’t feel burned out",0.2703629206,0.01522637116,0.05401675502,0.03389326981,33.33333333,66.66666667,0,0.22,0.645,0.134,0.3818,N/A,N/A,0,0,0,0,0,1,0,0,0,0,0,0,0,0,0,0,0,0,2,0
2025-08-30 16:37:01,Sometimes,Often,Sometimes,Sometimes,Rarely,"I am definitely burning out and have one or more symptoms of burnout, such as physical and emotional exhaustion",0.2929430712,0.04547025796,0.0418180933,0.01852048837,0,75,25,0,0.849,0.151,-0.1531,N/A,N/A,1,0,0,0,0,0,0,0,0,0,0,0,0,0,0,0,0,0,3,0
2025-08-30 16:38:18,Often,Sometimes,Rarely,Sometimes,Rarely,"Occasionally I am under stress, and I don’t always have as much energy as I once did, but I don’t feel burned out",0.2395489784,0.03711957777,0.04315415411,0.02696750853,0,50,50,0.188,0.665,0.147,-0.0396,N/A,N/A,0,0,0,0,0,0,0,0,0,1,0,1,0,0,0,0,0,0,2,0
2025-08-30 16:40:58,Often,Sometimes,Often,Sometimes,Often,"I am definitely burning out and have one or more symptoms of burnout, such as physical and emotional exhaustion",0.2594095885,0.02455543871,0.02689323118,0.008082155541,16.66666667,0,83.33333333,0.195,0.805,0,0.4404,N/A,N/A,4,0,0,0,0,1,0,0,0,1,0,0,0,0,0,0,0,0,0,0
2025-08-30 16:42:13,Never,Sometimes,Always,Often,Always,I enjoy my work. I have no symptoms of burnout,0.3114024261,0.01424710708,0.02685926434,0.03315498698,20,20,60,0.254,0.507,0.239,0.0772,N/A,N/A,0,0,0,0,0,1,0,0,1,1,0,1,0,0,0,0,0,0,1,0
2025-08-30 16:45:39,Rarely,Often,Sometimes,Rarely,Often,"Occasionally I am under stress, and I don’t always have as much energy as I once did, but I don’t feel burned out",0.2463171158,0.05006424405,0.04691587979,0.03508472455,33.33333333,33.33333333,33.33333333,0.267,0.733,0,0.7906,N/A,N/A,0,0,0,1,0,1,0,0,1,0,0,1,0,0,0,0,0,0,2,0
2025-08-30 16:48:26,Rarely,Often,Always,Often,Always,"Occasionally I am under stress, and I don’t always have as much energy as I once did, but I don’t feel burned out",0.2574922205,0.05905620404,0.03012734779,0.01236713458,0,0,100,0,0.849,0.151,-0.154,N/A,N/A,1,1,0,0,0,0,0,0,0,1,0,0,0,0,1,0,0,0,0,0
2025-08-30 16:48:32,Rarely,Often,Always,Often,Always,"Occasionally I am under stress, and I don’t always have as much energy as I once did, but I don’t feel burned out",0.2574922205,0.05905620404,0.03012734779,0.01236713458,0,0,100,0,0.849,0.151,-0.154,N/A,N/A,1,1,0,0,0,0,0,0,0,1,0,0,0,0,1,0,0,0,0,0
2025-08-30 16:49:40,Sometimes,Often,Rarely,Sometimes,Sometimes,"Occasionally I am under stress, and I don’t always have as much energy as I once did, but I don’t feel burned out",0.2823093311,0.04750547051,0.0354415069,0.04612624132,40,60,0,0.135,0.797,0.068,0.191,N/A,N/A,0,0,0,0,0,2,0,0,0,0,0,0,0,0,0,0,0,0,3,0
2025-08-30 16:51:02,Often,Sometimes,Rarely,Always,Always,I feel completely burned out and often wonder if I can go on. I am at the point where I may need some changes or may need to seek some sort of help,0.2648523203,0.05184287688,0.06300305998,0.01817346874,12.5,75,12.5,0.077,0.719,0.204,-0.5089,N/A,N/A,0,1,0,0,0,1,0,0,0,0,0,0,0,0,0,0,0,0,6,0
2025-08-30 16:51:12,Often,Sometimes,Rarely,Always,Always,I feel completely burned out and often wonder if I can go on. I am at the point where I may need some changes or may need to seek some sort of help,0.2648523203,0.05184287688,0.06300305998,0.01817346874,12.5,75,12.5,0.077,0.719,0.204,-0.5089,N/A,N/A,0,1,0,0,0,1,0,0,0,0,0,0,0,0,0,0,0,0,6,0
2025-08-30 16:53:07,Sometimes,Rarely,Never,Sometimes,Rarely,"Occasionally I am under stress, and I don’t always have as much energy as I once did, but I don’t feel burned out",0.2649969282,0.01992681586,0.0475202691,0.01711584195,20,80,0,0,0.857,0.143,-0.3612,N/A,N/A,0,0,0,0,0,1,0,0,0,0,0,0,0,0,0,0,0,0,4,0
2025-08-30 16:59:34,Often,Rarely,Sometimes,Sometimes,Sometimes,"Occasionally I am under stress, and I don’t always have as much energy as I once did, but I don’t feel burned out",0.2263344917,0.02025644008,0.03522618821,0.02318999333,25,75,0,0.142,0.663,0.196,-0.2263,N/A,N/A,0,0,0,0,0,1,0,0,0,0,0,0,0,0,0,0,0,0,3,0
2025-08-30 17:01:33,Sometimes,Often,Rarely,Sometimes,Sometimes,"Occasionally I am under stress, and I don’t always have as much energy as I once did, but I don’t feel burned out",0.3047148574,0.01785781552,0.03050300254,0.007878654071,40,20,40,0,0.782,0.218,-0.6486,N/A,N/A,4,0,0,0,0,4,0,0,0,0,0,0,0,0,0,0,0,0,2,0
2025-08-30 17:01:39,Sometimes,Often,Sometimes,Often,Always,"I am definitely burning out and have one or more symptoms of burnout, such as physical and emotional exhaustion",0.2590027366,0.04991234634,0.03708101837,0.007906766186,16.66666667,66.66666667,16.66666667,0,1,0,0,N/A,N/A,0,0,0,0,0,1,0,0,0,0,0,0,0,0,0,0,1,0,4,0
2025-08-30 17:01:42,Sometimes,Often,Rarely,Sometimes,Sometimes,"Occasionally I am under stress, and I don’t always have as much energy as I once did, but I don’t feel burned out",0.3047148574,0.01785781552,0.03050300254,0.007878654071,40,20,40,0,0.782,0.218,-0.6486,N/A,N/A,4,0,0,0,0,4,0,0,0,0,0,0,0,0,0,0,0,0,2,0
2025-08-30 17:11:27,Sometimes,Sometimes,Rarely,Always,Often,"Occasionally I am under stress, and I don’t always have as much energy as I once did, but I don’t feel burned out",0.2885060951,0.02214706666,0.04807923871,0.01690844079,30,20,50,0.265,0.553,0.181,0.3314,N/A,N/A,0,0,0,1,0,2,0,0,1,2,0,2,0,0,0,0,0,0,2,0
2025-08-30 17:11:35,Sometimes,Sometimes,Rarely,Always,Often,"Occasionally I am under stress, and I don’t always have as much energy as I once did, but I don’t feel burned out",0.2885060951,0.02214706666,0.04807923871,0.01690844079,30,20,50,0.265,0.553,0.181,0.3314,N/A,N/A,0,0,0,1,0,2,0,0,1,2,0,2,0,0,0,0,0,0,2,0
2025-08-30 17:12:03,Rarely,Always,Never,Often,Never,"Occasionally I am under stress, and I don’t always have as much energy as I once did, but I don’t feel burned out",0.2405400922,0.05793727997,0.04915285558,0.01955992115,16.66666667,66.66666667,16.66666667,0.12,0.88,0,0.128,N/A,N/A,0,0,0,0,0,1,0,0,0,0,0,1,0,0,0,0,0,0,4,0
2025-08-30 17:15:41,Sometimes,Never,Sometimes,Always,Always,"Occasionally I am under stress, and I don’t always have as much energy as I once did, but I don’t feel burned out",0.3001363399,0.01926778031,0.04395158075,0.0105823273,30,40,30,0,0.763,0.237,-0.4201,N/A,N/A,0,0,0,0,0,3,0,0,2,1,0,0,0,0,0,0,0,0,4,0
2025-08-30 17:15:44,Sometimes,Sometimes,Always,Always,Sometimes,"Occasionally I am under stress, and I don’t always have as much energy as I once did, but I don’t feel burned out",0.2879186854,0.01922976577,0.01571294302,0.01287929412,0,83.33333333,16.66666667,0,1,0,0,N/A,N/A,0,0,0,0,0,0,0,0,1,0,0,0,0,0,0,0,0,0,5,0
2025-08-30 17:20:14,Sometimes,Rarely,Often,Always,Sometimes,"Occasionally I am under stress, and I don’t always have as much energy as I once did, but I don’t feel burned out",0.3250829364,0.03196937128,0.01349047291,0.005244591997,44.44444444,44.44444444,11.11111111,0,1,0,0,N/A,N/A,0,0,0,0,0,4,0,0,0,0,0,0,0,0,0,0,1,0,4,0
2025-08-30 17:22:39,Often,Often,Sometimes,Sometimes,Sometimes,"Occasionally I am under stress, and I don’t always have as much energy as I once did, but I don’t feel burned out",0.322897731,0.0321365815,0.03333303801,0.005831602714,0,100,0,0.095,0.599,0.307,-0.6566,N/A,N/A,0,0,0,0,0,0,0,0,0,0,0,0,0,0,0,0,0,0,6,0
2025-08-30 18:45:28,Often,Sometimes,Rarely,Rarely,Often,"Occasionally I am under stress, and I don’t always have as much energy as I once did, but I don’t feel burned out",0.2519154909,0.01624164128,0.01330629063,0.009274682594,0,25,75,0.323,0.625,0.051,0.8122,N/A,N/A,0,1,0,0,0,0,0,0,1,0,0,1,0,0,0,0,0,0,1,0
2025-08-30 18:53:16,Sometimes,Sometimes,Often,Sometimes,Often,I enjoy my work. I have no symptoms of burnout,0.2643991058,0.02546224844,0.01072080965,0.004003545095,25,25,50,0.161,0.657,0.182,-0.0772,N/A,N/A,0,0,0,0,0,1,1,0,0,0,0,1,0,0,0,0,0,0,1,0
2025-08-30 18:56:22,Sometimes,Rarely,Rarely,,Sometimes,"Occasionally I am under stress, and I don’t always have as much energy as I once did, but I don’t feel burned out",0.2707876829,0.006995190567,0.01191785769,0.002855059938,0,100,0,0.396,0.492,0.112,0.7468,N/A,N/A,0,0,0,0,0,0,0,0,0,0,0,0,0,0,0,0,0,0,4,0
2025-08-30 19:00:29,Rarely,Never,Never,Sometimes,Often,"Occasionally I am under stress, and I don’t always have as much energy as I once did, but I don’t feel burned out",0.3030665853,0.01380126727,0.02375053551,0.0309161167,0,75,25,0.649,0.351,0,0.5719,N/A,N/A,0,0,0,0,0,0,0,0,0,0,0,0,0,0,1,0,0,0,3,0
2025-08-30 19:09:35,Often,Sometimes,Rarely,Rarely,Often,"I am definitely burning out and have one or more symptoms of burnout, such as physical and emotional exhaustion",0.2710635656,0.03298982677,0.03246707268,0.009963955422,0,80,20,0.214,0.462,0.324,-0.2263,N/A,N/A,0,0,0,0,0,0,0,0,0,0,0,1,0,0,0,0,0,0,4,0
2025-08-30 19:14:28,Sometimes,Rarely,Never,Often,Sometimes,I feel completely burned out and often wonder if I can go on. I am at the point where I may need some changes or may need to seek some sort of help,0.2030166461,0.05318931874,0.04251274598,0.03977422549,0,75,25,0,0.683,0.317,-0.5023,N/A,N/A,0,1,0,0,0,0,0,0,0,0,0,0,0,0,0,0,0,0,3,0
2025-08-30 19:36:39,Rarely,Often,Always,Always,Often,"Occasionally I am under stress, and I don’t always have as much energy as I once did, but I don’t feel burned out",0.2617519862,0.02174608541,0.02975916674,0.0202564281,25,0,75,0.649,0.351,0,0.5719,N/A,N/A,0,1,0,0,0,1,0,0,0,2,0,0,0,0,0,0,0,0,0,0
2025-08-30 19:41:09,Sometimes,Rarely,Rarely,Always,Sometimes,I enjoy my work. I have no symptoms of burnout,0.2589691301,0.04067043896,0.017068623,0.008906366266,20,0,80,0.649,0.351,0,0.5719,N/A,N/A,0,1,0,0,0,1,2,0,1,0,0,0,0,0,0,0,0,0,0,0
2025-08-30 19:41:14,Sometimes,Rarely,Rarely,Always,Sometimes,I enjoy my work. I have no symptoms of burnout,0.2589691301,0.04067043896,0.017068623,0.008906366266,20,0,80,0.649,0.351,0,0.5719,N/A,N/A,0,1,0,0,0,1,2,0,1,0,0,0,0,0,0,0,0,0,0,0
2025-08-31 14:53:23,Always,Often,Always,Sometimes,Rarely,"Occasionally I am under stress, and I don’t always have as much energy as I once did, but I don’t feel burned out",0.2520710362,0.0517932133,0.033667452,0.02536013469,40,10,50,0.253,0.685,0.062,0.6812,N/A,N/A,2,0,1,1,0,3,0,0,1,0,0,1,0,0,0,0,0,0,1,0
2025-08-31 14:54:58,Always,Often,Always,Sometimes,Rarely,"Occasionally I am under stress, and I don’t always have as much energy as I once did, but I don’t feel burned out",0.2520710362,0.0517932133,0.033667452,0.02536013469,40,10,50,0.253,0.685,0.062,0.6812,N/A,N/A,2,0,1,1,0,3,0,0,1,0,0,1,0,0,0,0,0,0,1,0
2025-08-31 15:05:26,Always,Sometimes,Never,Sometimes,Often,I enjoy my work. I have no symptoms of burnout,0.2342549206,0.02247357861,0.02580580156,0.02162842178,25,50,25,0.362,0.524,0.114,0.7964,N/A,N/A,1,0,0,0,0,1,0,0,0,0,0,0,0,0,0,0,0,0,2,0
2025-08-31 15:06:28,Sometimes,Sometimes,Sometimes,Often,Sometimes,"Occasionally I am under stress, and I don’t always have as much energy as I once did, but I don’t feel burned out",0.2562220356,0.03889110299,0.0295564557,0.002884792139,0,63.63636364,36.36363636,0.376,0.353,0.271,0.2263,N/A,N/A,0,1,0,0,0,0,0,0,1,0,0,2,0,0,0,0,0,0,7,0
2025-08-31 15:09:48,Sometimes,Often,Never,Often,Often,"Occasionally I am under stress, and I don’t always have as much energy as I once did, but I don’t feel burned out",0.2537582008,0.02292543391,0.0234149921,0.02607711018,20,60,20,0.347,0.575,0.077,0.7964,N/A,N/A,0,0,0,0,0,1,0,0,0,0,0,0,0,0,0,1,0,0,3,0
2025-08-31 15:08:58,Sometimes,Rarely,Never,Sometimes,Often,I enjoy my work. I have no symptoms of burnout,0.3025643379,0.03840979758,0.02814585281,0.01077818133,33.33333333,55.55555556,11.11111111,0.349,0.651,0,0.8185,N/A,N/A,0,0,0,0,0,3,0,0,0,0,0,0,0,0,0,0,1,0,5,0
2025-08-31 15:12:50,Often,Sometimes,Rarely,Always,Often,"Occasionally I am under stress, and I don’t always have as much energy as I once did, but I don’t feel burned out",0.2756320559,0.05218803829,0.04030907461,0.0170634649,0,25,75,0.26,0.408,0.332,-0.1779,N/A,N/A,1,0,0,0,0,0,0,0,2,0,0,0,0,0,0,0,0,0,1,0
2025-08-31 15:15:40,Sometimes,Sometimes,Always,Sometimes,Sometimes,"Occasionally I am under stress, and I don’t always have as much energy as I once did, but I don’t feel burned out",0.2214775088,0.03016821314,0.01678415692,0.005091918395,0,50,50,0,0.757,0.243,-0.5927,N/A,N/A,0,0,0,0,0,0,0,0,1,0,0,1,0,0,0,0,0,0,2,0
2025-08-31 15:16:13,Often,Always,Often,Rarely,Sometimes,"Occasionally I am under stress, and I don’t always have as much energy as I once did, but I don’t feel burned out",0.2454609941,0.06567727678,0.03218419878,0.01560889143,0,50,50,0,0.901,0.099,-0.1901,N/A,N/A,0,0,1,0,0,0,0,0,0,1,0,0,0,0,0,0,0,0,2,0
2025-08-31 15:19:17,Always,Often,Sometimes,Rarely,Sometimes,"Occasionally I am under stress, and I don’t always have as much energy as I once did, but I don’t feel burned out",0.2194764458,0.06491997117,0.03139543604,0.03557332059,25,75,0,0.348,0.419,0.233,0.296,N/A,N/A,0,0,0,0,0,1,0,0,0,0,0,0,0,0,0,0,0,0,3,0
2025-08-31 15:21:13,Always,Often,Often,Never,Rarely,"I am definitely burning out and have one or more symptoms of burnout, such as physical and emotional exhaustion",0.2717034742,0.04305679955,0.05525657149,0.008591167796,0,50,50,0.103,0.342,0.555,-0.765,N/A,N/A,1,1,0,0,0,0,0,0,0,0,0,0,0,0,0,1,0,0,3,0
2025-08-31 15:21:23,Always,Often,Often,Never,Rarely,"I am definitely burning out and have one or more symptoms of burnout, such as physical and emotional exhaustion",0.2717034742,0.04305679955,0.05525657149,0.008591167796,0,50,50,0.103,0.342,0.555,-0.765,N/A,N/A,1,1,0,0,0,0,0,0,0,0,0,0,0,0,0,1,0,0,3,0
2025-08-31 15:21:30,Often,Sometimes,Rarely,Always,Often,"Occasionally I am under stress, and I don’t always have as much energy as I once did, but I don’t feel burned out",0.2245938434,0.02673606901,0.01491806719,0.004813154497,10,70,20,0.233,0.767,0,0.4854,N/A,N/A,0,0,1,0,0,1,0,0,1,0,0,0,0,0,0,0,0,0,7,0
2025-08-31 15:24:17,Rarely,Rarely,Never,Sometimes,Sometimes,I enjoy my work. I have no symptoms of burnout,0.2619403571,0.02666644566,0.02825431194,0.004013935333,0,100,0,0.421,0.579,0,0.7013,N/A,N/A,0,0,0,0,0,0,0,0,0,0,0,0,0,0,0,0,0,0,4,0
2025-08-31 15:24:25,Rarely,Rarely,Never,Sometimes,Sometimes,I enjoy my work. I have no symptoms of burnout,0.2619403571,0.02666644566,0.02825431194,0.004013935333,0,100,0,0.421,0.579,0,0.7013,N/A,N/A,0,0,0,0,0,0,0,0,0,0,0,0,0,0,0,0,0,0,4,0
2025-08-31 15:24:30,Sometimes,Never,Sometimes,Often,Sometimes,"Occasionally I am under stress, and I don’t always have as much energy as I once did, but I don’t feel burned out",0.2531371588,0.05140761535,0.05735836392,0.04536980172,40,40,20,0.598,0.402,0,0.9246,N/A,N/A,0,0,1,0,0,4,0,0,0,0,0,1,0,0,0,0,0,0,4,0
2025-08-31 15:27:52,Always,Rarely,Sometimes,Sometimes,Sometimes,"Occasionally I am under stress, and I don’t always have as much energy as I once did, but I don’t feel burned out",0.2851867456,0.04554249151,0.02930169069,0.01166999434,0,100,0,0.43,0.57,0,0.7212,N/A,N/A,0,0,0,0,0,0,0,0,0,0,0,0,0,0,0,0,0,0,4,0
2025-08-31 15:28:27,Often,Always,Often,Sometimes,Sometimes,"I am definitely burning out and have one or more symptoms of burnout, such as physical and emotional exhaustion",0.2552767412,0.02181019793,0.04677057673,0.03716816172,16.66666667,0,83.33333333,0.293,0.707,0,0.4404,N/A,N/A,0,0,0,0,0,1,0,0,2,0,0,3,0,0,0,0,0,0,0,0
2025-08-31 15:28:34,Often,Always,Often,Sometimes,Sometimes,"I am definitely burning out and have one or more symptoms of burnout, such as physical and emotional exhaustion",0.2552767412,0.02181019793,0.04677057673,0.03716816172,16.66666667,0,83.33333333,0.293,0.707,0,0.4404,N/A,N/A,0,0,0,0,0,1,0,0,2,0,0,3,0,0,0,0,0,0,0,0
2025-08-31 15:29:00,Often,Sometimes,Never,Always,Always,"Occasionally I am under stress, and I don’t always have as much energy as I once did, but I don’t feel burned out",0.2568030061,0.07536317479,0.0356709773,0.0293244732,10,80,10,0.592,0.408,0,0.4404,N/A,N/A,0,0,0,0,0,1,0,0,1,0,0,0,0,0,0,0,0,0,8,0
2025-08-31 15:31:10,Sometimes,Often,Rarely,Rarely,Sometimes,"Occasionally I am under stress, and I don’t always have as much energy as I once did, but I don’t feel burned out",0.2544762276,0.02158604709,0.03812655814,0.0212903927,0,0,100,0.366,0.548,0.086,0.8479,N/A,N/A,0,0,0,0,0,0,1,0,0,2,0,1,0,0,0,0,0,0,0,0
2025-08-31 15:31:36,Sometimes,Often,Always,Always,Often,"Occasionally I am under stress, and I don’t always have as much energy as I once did, but I don’t feel burned out",0.2321292757,0.0279843832,0.02212156522,0.008893854051,0,83.33333333,16.66666667,0,0.909,0.091,-0.3612,N/A,N/A,0,0,0,0,0,0,1,0,0,0,0,0,0,0,0,0,0,0,5,0
2025-08-31 15:35:16,Always,Often,Sometimes,Sometimes,Sometimes,"I am definitely burning out and have one or more symptoms of burnout, such as physical and emotional exhaustion",0.2520417601,0.06816433257,0.03343424653,0.03226755398,80,10,10,0.204,0.556,0.241,-0.1027,N/A,N/A,0,0,0,3,0,5,0,0,0,0,0,0,0,0,0,1,0,0,1,0
2025-08-31 15:35:30,Always,Often,Sometimes,Sometimes,Sometimes,"I am definitely burning out and have one or more symptoms of burnout, such as physical and emotional exhaustion",0.2520417601,0.06816433257,0.03343424653,0.03226755398,80,10,10,0.204,0.556,0.241,-0.1027,N/A,N/A,0,0,0,3,0,5,0,0,0,0,0,0,0,0,0,1,0,0,1,0
2025-08-31 15:39:51,Rarely,Rarely,Sometimes,Sometimes,Sometimes,"Occasionally I am under stress, and I don’t always have as much energy as I once did, but I don’t feel burned out",0.2767126619,0.04219054411,0.01660067392,0.00518620835,50,25,25,0.067,0.797,0.136,-0.3919,N/A,N/A,0,0,0,1,0,1,0,0,0,1,0,0,0,0,0,0,0,0,1,0
2025-08-31 15:42:22,Sometimes,Sometimes,Rarely,Sometimes,Often,"Occasionally I am under stress, and I don’t always have as much energy as I once did, but I don’t feel burned out",0.2718185265,0.03263734461,0.03221554822,0.03336939089,40,20,40,0.244,0.756,0,0.4404,N/A,N/A,0,0,0,0,0,2,0,0,0,0,0,2,0,0,0,0,0,0,1,0
2025-08-31 15:42:36,Sometimes,Never,Rarely,Always,Always,"Occasionally I am under stress, and I don’t always have as much energy as I once did, but I don’t feel burned out",0.2970532838,0.02387737778,0.04117060119,0.0141990933,0,77.77777778,22.22222222,0.094,0.906,0,0.3384,N/A,N/A,0,0,0,0,0,0,0,0,1,0,0,1,0,0,0,0,0,0,7,0
2025-08-31 15:42:39,Sometimes,Sometimes,Rarely,Sometimes,Often,"Occasionally I am under stress, and I don’t always have as much energy as I once did, but I don’t feel burned out",0.2718185265,0.03263734461,0.03221554822,0.03336939089,40,20,40,0.244,0.756,0,0.4404,N/A,N/A,0,0,0,0,0,2,0,0,0,0,0,2,0,0,0,0,0,0,1,0
2025-08-31 15:46:06,Often,Sometimes,Rarely,Sometimes,Sometimes,"Occasionally I am under stress, and I don’t always have as much energy as I once did, but I don’t feel burned out",0.2872071676,0.03251978222,0.02985701171,0.004708870951,0,75,25,0.208,0.568,0.224,-0.0627,N/A,N/A,1,0,0,0,0,0,0,0,0,0,0,0,0,0,0,0,0,0,3,0
2025-08-31 15:47:18,Often,Sometimes,Rarely,Sometimes,Often,"I am definitely burning out and have one or more symptoms of burnout, such as physical and emotional exhaustion",0.2495857644,0.1106726479,0.03344674279,0.03382714377,30,50,20,0.161,0.839,0,0.3612,N/A,N/A,0,0,0,0,0,3,0,0,0,1,0,1,0,0,0,0,0,0,5,0
2025-08-31 15:47:51,Always,Sometimes,Often,Sometimes,Often,"Occasionally I am under stress, and I don’t always have as much energy as I once did, but I don’t feel burned out",0.2871410009,0.03610919938,0.01764055084,0.02456505412,0,100,0,0,1,0,0,N/A,N/A,0,0,0,0,0,0,0,0,0,0,0,0,0,0,0,0,0,0,7,0
2025-08-31 15:50:25,Sometimes,Often,Rarely,Sometimes,Rarely,"Occasionally I am under stress, and I don’t always have as much energy as I once did, but I don’t feel burned out",0.2762659406,0.02638335638,0.03718509984,0.005133576873,0,100,0,0,0.887,0.113,-0.4215,N/A,N/A,0,0,0,0,0,0,0,0,0,0,0,0,0,0,0,0,0,0,10,0
2025-08-31 15:51:22,Sometimes,Rarely,Sometimes,Always,Often,"Occasionally I am under stress, and I don’t always have as much energy as I once did, but I don’t feel burned out",0.2401112835,0.03371725739,0.01716384572,0.005359914535,50,50,0,0,0.837,0.163,-0.5704,N/A,N/A,0,0,0,0,0,2,0,0,0,0,0,0,0,0,0,0,0,0,2,0
2025-08-31 15:51:44,Sometimes,Rarely,Rarely,Always,Always,I enjoy my work. I have no symptoms of burnout,0.3156979772,0.0523488644,0.01488331405,0.004294741345,0,100,0,0,1,0,0,N/A,N/A,0,0,0,0,0,0,0,0,0,0,0,0,0,0,0,0,0,0,6,0
2025-08-31 15:51:58,Sometimes,Rarely,Rarely,Always,Always,I enjoy my work. I have no symptoms of burnout,0.3156979772,0.0523488644,0.01488331405,0.004294741345,0,100,0,0,1,0,0,N/A,N/A,0,0,0,0,0,0,0,0,0,0,0,0,0,0,0,0,0,0,6,0
2025-08-31 15:55:41,Sometimes,Sometimes,Often,Often,Sometimes,"Occasionally I am under stress, and I don’t always have as much energy as I once did, but I don’t feel burned out",0.2635552651,0.03271826129,0.04747768317,0.0251218059,20,60,20,0,1,0,0,N/A,N/A,0,1,1,0,0,2,0,0,0,0,0,0,0,0,0,0,0,0,6,0
2025-08-31 15:56:47,Rarely,Sometimes,Sometimes,Always,Often,"Occasionally I am under stress, and I don’t always have as much energy as I once did, but I don’t feel burned out",0.2801277138,0.02124656431,0.0283414194,0.008863516618,0,60,40,0,0.924,0.076,-0.2057,N/A,N/A,1,0,0,0,0,0,0,0,0,0,0,0,0,0,0,1,0,0,3,0
2025-08-31 16:01:55,Sometimes,Often,Sometimes,Always,Always,"I am definitely burning out and have one or more symptoms of burnout, such as physical and emotional exhaustion",0.2701364862,0.0398859323,0.0305587797,0.02342312059,33.33333333,44.44444444,22.22222222,0,0.589,0.411,-0.4201,N/A,N/A,0,0,0,0,0,3,0,0,1,0,0,0,0,0,0,1,0,0,4,0
2025-08-31 16:02:18,Often,Often,Sometimes,Rarely,Sometimes,"I am definitely burning out and have one or more symptoms of burnout, such as physical and emotional exhaustion",0.2672292336,0.03452986976,0.04312827204,0.01222762608,0,50,50,0,1,0,0,N/A,N/A,1,0,0,0,0,0,1,0,0,0,0,0,0,0,0,0,1,0,3,0
2025-08-31 16:05:00,Sometimes,Sometimes,Often,Sometimes,Rarely,"Occasionally I am under stress, and I don’t always have as much energy as I once did, but I don’t feel burned out",0.285603608,0.04143041238,0.01835742364,0.01276760048,10,80,10,0,1,0,0,N/A,N/A,0,0,0,0,0,1,0,0,1,0,0,0,0,0,0,0,0,0,8,0
2025-08-31 16:06:30,Often,Sometimes,Never,Sometimes,Rarely,"Occasionally I am under stress, and I don’t always have as much energy as I once did, but I don’t feel burned out",0.2303058596,0.04109361375,0.02923443147,0.02255525315,25,25,50,0.275,0.491,0.234,0.2732,N/A,N/A,0,0,0,0,0,1,0,0,2,0,0,0,0,0,0,0,0,0,1,0
2025-08-31 16:08:33,Sometimes,Sometimes,Rarely,Often,Often,"Occasionally I am under stress, and I don’t always have as much energy as I once did, but I don’t feel burned out",0.2776773067,0.04636229351,0.02155051105,0.02637566369,0,70,30,0,1,0,0,N/A,N/A,0,1,0,0,0,0,0,0,1,0,0,1,0,0,0,0,0,0,7,0
2025-08-31 16:08:44,Sometimes,Sometimes,Rarely,Often,Often,"Occasionally I am under stress, and I don’t always have as much energy as I once did, but I don’t feel burned out",0.2776773067,0.04636229351,0.02155051105,0.02637566369,0,70,30,0.146,0.854,0,0.34,N/A,N/A,0,1,0,0,0,0,0,0,1,0,0,1,0,0,0,0,0,0,7,0
2025-08-31 16:10:02,Often,Often,Sometimes,Rarely,Rarely,The symptoms of burnout that I’m experiencing won’t go away. I think about frustration at work a lot,0.2575862034,0.02197500855,0.01164773416,0.008261391406,0,50,50,0,0.771,0.229,-0.7282,N/A,N/A,0,0,0,0,0,0,0,0,0,1,0,0,0,0,1,0,0,0,2,0
2025-08-31 16:12:36,Rarely,Never,Never,Often,Often,"Occasionally I am under stress, and I don’t always have as much energy as I once did, but I don’t feel burned out",0.2936219124,0.01756207548,0.02044134627,0.003208584819,10,60,30,0.266,0.734,0,0.4404,N/A,N/A,3,0,0,0,0,1,0,0,0,0,0,0,0,0,0,0,0,0,6,0
2025-08-31 16:13:38,Rarely,Rarely,Sometimes,Often,Often,"Occasionally I am under stress, and I don’t always have as much energy as I once did, but I don’t feel burned out",0.268677278,0.01310335223,0.017257199,0.01781787195,50,50,0,0.093,0.755,0.151,-0.1154,N/A,N/A,0,0,0,0,0,2,0,0,0,0,0,0,0,0,0,0,0,0,2,0
2025-08-31 16:17:05,Sometimes,Sometimes,Rarely,Often,Often,"Occasionally I am under stress, and I don’t always have as much energy as I once did, but I don’t feel burned out",0.3095444963,0.02079418499,0.02658688253,0.004801307093,0,100,0,0.244,0.756,0,0.4404,N/A,N/A,0,0,0,0,0,0,0,0,0,0,0,0,0,0,0,0,0,0,6,0
2025-08-31 16:17:07,Often,Sometimes,Sometimes,Rarely,Sometimes,"I am definitely burning out and have one or more symptoms of burnout, such as physical and emotional exhaustion",0.2665834215,0.02772186636,0.02764508537,0.02674114933,10,40,50,0,0.872,0.128,-0.3612,N/A,N/A,0,0,1,0,0,1,0,0,4,0,0,0,0,0,0,0,0,0,4,0
2025-08-31 16:18:03,Sometimes,Often,Rarely,Sometimes,Rarely,"Occasionally I am under stress, and I don’t always have as much energy as I once did, but I don’t feel burned out",0.2391893928,0.03643487848,0.03995241423,0.02125113064,0,50,50,0.157,0.629,0.214,-0.1154,N/A,N/A,1,0,0,0,0,0,0,0,0,1,0,0,0,0,0,0,0,0,2,0
2025-08-31 16:17:19,Often,Sometimes,Sometimes,Rarely,Sometimes,"I am definitely burning out and have one or more symptoms of burnout, such as physical and emotional exhaustion",0.2665834215,0.02772186636,0.02764508537,0.02674114933,10,40,50,0,0.872,0.128,-0.3612,N/A,N/A,0,0,1,0,0,1,0,0,4,0,0,0,0,0,0,0,0,0,4,0
2025-08-31 16:20:03,Rarely,Sometimes,Never,Rarely,Sometimes,"Occasionally I am under stress, and I don’t always have as much energy as I once did, but I don’t feel burned out",0.2274846061,0.02877675937,0.04578516171,0.01569391619,0,20,80,0,0.433,0.567,-0.3865,N/A,N/A,0,0,0,0,0,0,2,0,4,1,0,1,0,0,0,0,0,0,2,0
2025-08-31 16:22:38,Often,Sometimes,Rarely,Often,Always,"Occasionally I am under stress, and I don’t always have as much energy as I once did, but I don’t feel burned out",0.2963912799,0.02018646742,0.03452879756,0.006731988141,0,75,25,0.153,0.613,0.233,-0.0773,N/A,N/A,1,0,0,0,0,0,0,0,0,0,0,0,0,0,0,0,0,0,3,0
2025-08-31 16:22:19,Sometimes,Rarely,Rarely,Always,Always,"Occasionally I am under stress, and I don’t always have as much energy as I once did, but I don’t feel burned out",0.2461688511,0.02828442795,0.01833028694,0.01003783539,60,40,0,0.411,0.589,0,0.6794,N/A,N/A,0,0,0,0,0,3,0,0,0,0,0,0,0,0,0,0,0,0,2,0
2025-08-31 16:22:23,Sometimes,Rarely,Rarely,Always,Always,"Occasionally I am under stress, and I don’t always have as much energy as I once did, but I don’t feel burned out",0.2461688511,0.02828442795,0.01833028694,0.01003783539,60,40,0,0.411,0.589,0,0.6794,N/A,N/A,0,0,0,0,0,3,0,0,0,0,0,0,0,0,0,0,0,0,2,0
2025-08-31 16:24:59,Sometimes,Rarely,Rarely,Often,Sometimes,"Occasionally I am under stress, and I don’t always have as much energy as I once did, but I don’t feel burned out",0.2480503074,0.03118853959,0.02785953914,0.03099915298,40,40,20,0.411,0.589,0,0.6794,N/A,N/A,0,0,0,0,0,2,0,0,1,0,0,0,0,0,0,0,0,0,2,0
2025-08-31 16:25:15,Sometimes,Rarely,Rarely,Often,Sometimes,"Occasionally I am under stress, and I don’t always have as much energy as I once did, but I don’t feel burned out",0.2480503074,0.03118853959,0.02785953914,0.03099915298,40,40,20,0.524,0.476,0,0.5106,N/A,N/A,0,0,0,0,0,2,0,0,1,0,0,0,0,0,0,0,0,0,2,0
2025-08-31 16:25:53,Sometimes,Rarely,Rarely,Often,Sometimes,"Occasionally I am under stress, and I don’t always have as much energy as I once did, but I don’t feel burned out",0.2480503074,0.03118853959,0.02785953914,0.03099915298,40,40,20,0.518,0.482,0,0.8225,N/A,N/A,0,0,0,0,0,2,0,0,1,0,0,0,0,0,0,0,0,0,2,0
2025-08-31 16:29:57,Sometimes,Never,Never,Always,Sometimes,I enjoy my work. I have no symptoms of burnout,0.2337950424,0.01159139339,0.02387193979,0.02680779696,0,75,25,0.221,0.685,0.094,0.6124,N/A,N/A,0,0,0,0,0,0,1,0,0,0,0,0,0,0,0,0,0,0,3,0
2025-08-31 16:29:21,Often,Sometimes,Rarely,Always,Often,"Occasionally I am under stress, and I don’t always have as much energy as I once did, but I don’t feel burned out",0.2005149413,0.03586564533,0.03984110778,0.01750905405,0,40,60,0,0.884,0.116,-0.3612,N/A,N/A,0,0,0,0,0,0,0,0,2,0,0,1,0,0,0,0,0,0,2,0
2025-08-31 16:33:09,Sometimes,Rarely,Always,Often,Rarely,"Occasionally I am under stress, and I don’t always have as much energy as I once did, but I don’t feel burned out",0.2525106232,0.03511255698,0.01780110224,0.009321128449,0,50,50,0.355,0.645,0,0.5267,N/A,N/A,0,0,0,0,0,0,0,0,2,1,0,0,0,0,0,0,0,0,3,0
2025-08-31 17:17:29,Sometimes,Rarely,Rarely,Sometimes,Often,I enjoy my work. I have no symptoms of burnout,0.2403005319,0.02864359371,0.03646741001,0.02148291145,50,20,30,0,1,0,0,N/A,N/A,0,1,1,0,0,5,0,0,0,0,0,1,0,0,0,0,0,0,2,0
2025-08-31 17:18:26,Sometimes,Always,Never,Often,Sometimes,I enjoy my work. I have no symptoms of burnout,0.3046999871,0.04426460001,0.03612546275,0.01469751559,0,100,0,0,0.757,0.243,-0.6953,N/A,N/A,0,0,0,0,0,0,0,0,0,0,0,0,0,0,0,0,0,0,4,0
2025-08-31 17:23:29,Rarely,Rarely,Never,Sometimes,Sometimes,I enjoy my work. I have no symptoms of burnout,0.271276046,0.02981834473,0.01643583101,0.008545498593,40,0,60,0.551,0.449,0,0.8225,N/A,N/A,0,0,0,0,0,2,0,0,0,0,0,3,0,0,0,0,0,0,0,0
2025-08-31 17:23:34,Never,Never,Rarely,Always,Often,I enjoy my work. I have no symptoms of burnout,0.2664075479,0.04163324446,0.0141051425,0.004494078552,0,91.66666667,8.333333333,0,1,0,0,N/A,N/A,0,0,0,0,0,0,0,0,1,0,0,0,0,0,0,0,0,0,11,0
2025-08-31 17:26:05,Sometimes,Rarely,Sometimes,Sometimes,Often,I enjoy my work. I have no symptoms of burnout,0.2524289382,0.06078525964,0.05784841527,0.02972640563,63.63636364,18.18181818,18.18181818,0,1,0,0,N/A,N/A,0,0,1,0,0,7,0,0,0,0,0,0,0,0,0,0,1,0,2,0
2025-08-31 17:26:26,Sometimes,Rarely,Sometimes,Sometimes,Often,I enjoy my work. I have no symptoms of burnout,0.2524289382,0.06078525964,0.05784841527,0.02972640563,63.63636364,18.18181818,18.18181818,0,1,0,0,N/A,N/A,0,0,1,0,0,7,0,0,0,0,0,0,0,0,0,0,1,0,2,0
2025-08-31 17:30:15,Sometimes,Rarely,Rarely,Sometimes,Often,I enjoy my work. I have no symptoms of burnout,0.3416593259,0.05139953358,0.01939983854,0.01249463148,0,90,10,0.325,0.675,0,0.7391,N/A,N/A,0,1,0,0,0,0,0,0,0,0,0,0,0,0,0,0,0,0,9,0
2025-08-31 17:34:39,Always,Always,Sometimes,Always,Often,"I am definitely burning out and have one or more symptoms of burnout, such as physical and emotional exhaustion",0.2129795533,0.04031099269,0.04462133396,0.02377117525,33.33333333,16.66666667,50,0.193,0.677,0.13,0.296,N/A,N/A,1,0,0,0,0,2,0,0,0,0,0,1,0,0,0,1,0,0,1,0
2025-08-31 17:36:45,Sometimes,Sometimes,Sometimes,Often,Sometimes,"I am definitely burning out and have one or more symptoms of burnout, such as physical and emotional exhaustion",0.2698437123,0.05390702021,0.03136219101,0.03504157901,36.36363636,27.27272727,36.36363636,0.3,0.7,0,0.5927,N/A,N/A,1,0,1,0,0,4,0,0,0,0,0,1,0,0,0,1,0,0,3,0
2025-08-31 17:37:40,Often,Always,Sometimes,Sometimes,Never,"I am definitely burning out and have one or more symptoms of burnout, such as physical and emotional exhaustion",0.2531268162,0.05381929023,0.07607831499,0.06121749927,50,25,25,0,1,0,0,N/A,N/A,0,0,0,1,0,1,0,0,1,0,0,0,0,0,0,0,0,0,1,0
2025-08-31 17:38:53,Always,Often,Sometimes,,Often,"I am definitely burning out and have one or more symptoms of burnout, such as physical and emotional exhaustion",0.229494756,0.04086598365,0.02483941064,0.02284574419,16.66666667,75,8.333333333,0.3,0.7,0,0.5927,N/A,N/A,0,0,1,0,0,2,0,0,0,0,0,0,0,0,0,0,0,0,9,0
2025-08-31 17:39:06,Always,Often,Sometimes,,Often,"I am definitely burning out and have one or more symptoms of burnout, such as physical and emotional exhaustion",0.229494756,0.04086598365,0.02483941064,0.02284574419,16.66666667,75,8.333333333,0,0.566,0.434,-0.3182,N/A,N/A,0,0,1,0,0,2,0,0,0,0,0,0,0,0,0,0,0,0,9,0
2025-08-31 17:39:12,Always,Often,Sometimes,,Often,"I am definitely burning out and have one or more symptoms of burnout, such as physical and emotional exhaustion",0.229494756,0.04086598365,0.02483941064,0.02284574419,16.66666667,75,8.333333333,0,0.566,0.434,-0.3182,N/A,N/A,0,0,1,0,0,2,0,0,0,0,0,0,0,0,0,0,0,0,9,0
2025-08-31 17:40:24,Often,Often,Sometimes,Rarely,Never,The symptoms of burnout that I’m experiencing won’t go away. I think about frustration at work a lot,0.2639289137,0.04081560106,0.06689937149,0.002451155143,0,40,60,0,0.85,0.15,-0.2755,N/A,N/A,0,0,0,0,0,0,0,0,0,0,0,3,0,0,0,0,0,0,2,0
2025-09-01 16:38:14,Often,Rarely,Never,Always,Sometimes,The symptoms of burnout that I’m experiencing won’t go away. I think about frustration at work a lot,0.3207135277,0.02579618015,0.01752009274,0.01339819109,10,70,20,0,0.627,0.373,-0.7146,N/A,N/A,1,0,0,0,0,1,1,0,0,0,0,0,0,0,0,0,0,0,7,0
2025-09-01 16:44:44,Always,Never,Sometimes,Sometimes,Sometimes,The symptoms of burnout that I’m experiencing won’t go away. I think about frustration at work a lot,0.3221706355,0.03845704977,0.03573260376,0.02893291969,0,8.333333333,91.66666667,0.352,0.542,0.105,0.4767,N/A,N/A,1,0,0,0,0,0,1,0,9,0,0,0,0,0,0,0,0,0,1,0
2025-09-01 16:45:15,Sometimes,Sometimes,Rarely,Sometimes,Always,The symptoms of burnout that I’m experiencing won’t go away. I think about frustration at work a lot,0.3064404542,0.03449303866,0.02718258503,0.0213712187,0,75,25,0,0.935,0.065,-0.2057,N/A,N/A,0,0,0,0,0,0,0,0,0,1,0,0,0,0,0,0,0,0,3,0
2025-09-02 14:44:46,Never,Sometimes,Always,Always,Always,I feel completely burned out and often wonder if I can go on. I am at the point where I may need some changes or may need to seek some sort of help,0.3026741132,0.03176570706,0.01607326544,0.008907253553,0,88.88888889,11.11111111,0.369,0.631,0,0.9061,N/A,N/A,1,0,0,0,0,0,0,0,0,0,0,0,0,0,0,0,0,0,8,0
2025-09-02 14:51:21,Often,Sometimes,Rarely,Sometimes,Sometimes,I feel completely burned out and often wonder if I can go on. I am at the point where I may need some changes or may need to seek some sort of help,0.3341351668,0.04066056883,0.02117820371,0.005204839575,9.090909091,18.18181818,72.72727273,0.351,0.649,0,0.6597,N/A,N/A,1,0,0,0,0,1,2,0,2,0,0,1,0,0,0,2,0,0,2,0
2025-09-02 14:55:42,Sometimes,Often,Rarely,Sometimes,Always,I feel completely burned out and often wonder if I can go on. I am at the point where I may need some changes or may need to seek some sort of help,0.3173564054,0.02269992159,0.01595974638,0.007701577126,20,30,50,0,0.649,0.351,-0.6597,N/A,N/A,0,0,5,0,0,2,0,0,0,0,0,0,0,0,0,0,0,0,3,0
2025-09-02 14:56:24,Sometimes,Often,Rarely,Sometimes,Always,I feel completely burned out and often wonder if I can go on. I am at the point where I may need some changes or may need to seek some sort of help,0.3173564054,0.02269992159,0.01595974638,0.007701577126,20,30,50,0,0.649,0.351,-0.6597,N/A,N/A,0,0,5,0,0,2,0,0,0,0,0,0,0,0,0,0,0,0,3,0
2025-09-02 14:59:04,Never,Rarely,Sometimes,Always,Always,I feel completely burned out and often wonder if I can go on. I am at the point where I may need some changes or may need to seek some sort of help,0.2680262596,0.02007657796,0.01032780569,0.004688763217,70,30,0,0,0.685,0.315,-0.4144,N/A,N/A,0,0,0,0,0,7,0,0,0,0,0,0,0,0,0,0,0,0,3,0
2025-09-02 15:05:25,Often,Sometimes,Rarely,Often,Often,The symptoms of burnout that I’m experiencing won’t go away. I think about frustration at work a lot,0.3223029073,0.04578564737,0.02149998671,0.01020003755,0,72.72727273,27.27272727,0.231,0.769,0,0.2023,N/A,N/A,0,0,1,0,0,0,0,0,0,0,0,1,0,0,0,1,0,0,8,0
2025-09-02 15:09:11,Sometimes,Rarely,Rarely,Often,Often,I feel completely burned out and often wonder if I can go on. I am at the point where I may need some changes or may need to seek some sort of help,0.2852767749,0.03628203479,0.008294248768,0.005340014909,0,54.54545455,45.45454545,0,0.642,0.358,-0.4201,N/A,N/A,0,0,2,0,0,0,0,0,3,0,0,0,0,0,0,0,0,0,6,0
2025-09-02 15:11:59,Sometimes,Sometimes,Rarely,Rarely,Sometimes,I feel completely burned out and often wonder if I can go on. I am at the point where I may need some changes or may need to seek some sort of help,0.2273398957,0.05985004068,0.02377812152,0.01643270544,0,83.33333333,16.66666667,0.11,0.89,0,0.1531,N/A,N/A,0,0,0,0,0,0,0,0,2,0,0,0,0,0,0,0,0,0,10,0
2025-09-02 15:12:52,Often,Never,Never,Always,Sometimes,I feel completely burned out and often wonder if I can go on. I am at the point where I may need some changes or may need to seek some sort of help,0.2398118879,0.04340172502,0.0504921957,0.05388258823,0,66.66666667,33.33333333,0,0.615,0.385,-0.3612,N/A,N/A,0,0,0,0,0,0,0,0,0,0,0,0,0,0,0,1,0,0,2,0
2025-09-02 15:14:40,Sometimes,Often,Always,Rarely,Rarely,The symptoms of burnout that I’m experiencing won’t go away. I think about frustration at work a lot,0.2896147352,0.04683312105,0.02092461426,0.006109388292,0,25,75,0.148,0.606,0.246,-0.3182,N/A,N/A,0,0,0,0,0,0,0,0,8,0,0,0,0,0,0,0,1,0,3,0
2025-09-02 15:17:37,Often,Sometimes,Never,Sometimes,Sometimes,I feel completely burned out and often wonder if I can go on. I am at the point where I may need some changes or may need to seek some sort of help,0.3335136184,0.05561850212,0.05579487256,0.006865593434,0,60,40,0,0.706,0.294,-0.3612,N/A,N/A,0,0,0,0,0,0,0,0,0,0,0,2,0,0,0,0,0,0,3,0
2025-09-02 15:18:58,Often,Rarely,Often,Rarely,Sometimes,I feel completely burned out and often wonder if I can go on. I am at the point where I may need some changes or may need to seek some sort of help,0.2642826793,0.0188023463,0.03569230807,0.03327521673,8.333333333,25,66.66666667,0.043,0.853,0.105,-0.4391,N/A,N/A,0,0,1,0,0,1,0,0,7,0,0,0,0,0,0,0,0,0,3,0
2025-09-02 15:22:26,Often,Rarely,Often,Often,Sometimes,I feel completely burned out and often wonder if I can go on. I am at the point where I may need some changes or may need to seek some sort of help,0.3433745248,0.02019461102,0.01852711074,0.00937440908,0,91.66666667,8.333333333,0,1,0,0,N/A,N/A,0,0,0,0,0,0,0,0,1,0,0,0,0,0,0,0,0,0,11,0
2025-09-02 15:27:59,Sometimes,Rarely,Never,Often,Sometimes,I feel completely burned out and often wonder if I can go on. I am at the point where I may need some changes or may need to seek some sort of help,0.3032171389,0.01254642462,0.01439155604,0.005120862833,0,80,20,0.158,0.842,0,0.128,N/A,N/A,0,0,0,0,0,0,0,0,0,0,0,1,0,0,0,0,0,0,4,0
2025-09-02 15:34:35,Sometimes,Rarely,Often,Rarely,Often,I feel completely burned out and often wonder if I can go on. I am at the point where I may need some changes or may need to seek some sort of help,0.248021875,0.04685283898,0.1217015719,0.1394152257,40,20,40,0.232,0.376,0.392,-0.4312,N/A,N/A,0,0,0,0,0,2,0,0,1,1,0,0,0,0,0,0,0,0,1,0
2025-09-02 15:34:43,Always,Often,Sometimes,Rarely,Sometimes,The symptoms of burnout that I’m experiencing won’t go away. I think about frustration at work a lot,0.2695556571,0.04300404162,0.07813708929,0.1015726165,0,16.66666667,83.33333333,0,0.362,0.638,-0.8541,N/A,N/A,0,0,0,0,0,0,2,0,1,1,0,4,0,0,0,0,2,0,2,0
2025-09-02 15:38:19,Always,Always,Always,Never,Never,I feel completely burned out and often wonder if I can go on. I am at the point where I may need some changes or may need to seek some sort of help,0.2697148985,0.02334412425,0.0178018966,0.004373102547,0,40,60,0.11,0.636,0.254,-0.4641,N/A,N/A,0,0,0,0,0,0,0,0,0,1,0,2,0,0,0,0,0,0,2,0
2025-09-02 15:54:27,Rarely,Sometimes,Never,Sometimes,Sometimes,I feel completely burned out and often wonder if I can go on. I am at the point where I may need some changes or may need to seek some sort of help,0.2484203576,0.02843514646,0.1072336013,0.1200922158,0,50,50,0,0.769,0.231,-0.3412,N/A,N/A,0,0,1,0,0,0,0,0,4,0,0,2,0,0,0,0,0,0,7,0
2025-09-02 15:56:29,Rarely,Never,,Often,Rarely,I feel completely burned out and often wonder if I can go on. I am at the point where I may need some changes or may need to seek some sort of help,0.1799724678,0.08570748475,0.08066843998,0.09160708897,0,50,50,0,0.8,0.2,-0.25,N/A,N/A,0,0,1,0,0,0,0,0,3,0,0,3,0,0,0,0,0,0,7,0
2025-09-02 15:57:40,Never,Never,Sometimes,Sometimes,Rarely,I feel completely burned out and often wonder if I can go on. I am at the point where I may need some changes or may need to seek some sort of help,0.1670721371,0.09425285508,0.09089397758,0.07925924076,0,57.14285714,42.85714286,0.131,0.536,0.333,-0.34,N/A,N/A,0,0,2,0,0,0,0,0,2,0,0,1,0,0,0,1,0,0,8,0
2025-09-02 15:58:40,Often,Sometimes,Rarely,Sometimes,Often,I feel completely burned out and often wonder if I can go on. I am at the point where I may need some changes or may need to seek some sort of help,0.2078957844,0.1326718499,0.1361363332,0.09724671623,10,30,60,0,1,0,0,N/A,N/A,0,0,0,1,0,0,0,0,4,0,0,2,0,0,0,0,0,0,3,0
2025-09-02 15:59:14,Rarely,Rarely,Sometimes,Often,Often,I feel completely burned out and often wonder if I can go on. I am at the point where I may need some changes or may need to seek some sort of help,0.2004911721,0.0915717421,0.1192141876,0.1096718667,0,35.71428571,64.28571429,0.115,0.675,0.21,-0.403,N/A,N/A,0,0,1,0,0,0,0,0,3,0,0,2,0,0,0,2,1,0,5,0
2025-09-02 16:04:02,Always,Always,Sometimes,Rarely,Sometimes,I feel completely burned out and often wonder if I can go on. I am at the point where I may need some changes or may need to seek some sort of help,0.1834567611,0.08372732259,0.06684932242,0.09662190425,6.25,62.5,31.25,0.083,0.603,0.315,-0.7313,N/A,N/A,0,1,0,0,0,1,0,0,1,0,0,1,0,0,0,2,0,0,10,0
2025-09-02 16:04:34,Never,Sometimes,Rarely,Rarely,Often,I feel completely burned out and often wonder if I can go on. I am at the point where I may need some changes or may need to seek some sort of help,0.158791222,0.1042342703,0.1260348456,0.1114533352,0,20,80,0,0.582,0.418,-0.5563,N/A,N/A,0,0,0,0,0,0,0,0,6,0,0,1,0,0,0,1,0,0,2,0
2025-09-02 16:06:09,Often,Always,Often,Sometimes,Sometimes,I feel completely burned out and often wonder if I can go on. I am at the point where I may need some changes or may need to seek some sort of help,0.1026043569,0.06477246183,0.1507779912,0.109893603,12.5,50,37.5,0,0.69,0.31,-0.5411,N/A,N/A,0,0,0,0,0,2,0,0,1,0,0,3,0,0,0,1,1,0,8,0
2025-09-02 16:06:22,Always,Often,Sometimes,Often,Sometimes,I feel completely burned out and often wonder if I can go on. I am at the point where I may need some changes or may need to seek some sort of help,0.2034417017,0.1400688825,0.133626062,0.1201221302,0,30,70,0.119,0.572,0.309,-0.6115,N/A,N/A,0,0,1,0,0,0,1,0,3,0,0,0,0,0,0,2,0,0,3,0
2025-09-02 16:06:30,Always,Often,Sometimes,Often,Sometimes,I feel completely burned out and often wonder if I can go on. I am at the point where I may need some changes or may need to seek some sort of help,0.2034417017,0.1400688825,0.133626062,0.1201221302,0,30,70,0.119,0.572,0.309,-0.6115,N/A,N/A,0,0,1,0,0,0,1,0,3,0,0,0,0,0,0,2,0,0,3,0
2025-09-02 16:08:10,Rarely,Sometimes,Rarely,Sometimes,Rarely,I feel completely burned out and often wonder if I can go on. I am at the point where I may need some changes or may need to seek some sort of help,0.1735982006,0.1079821756,0.1845146193,0.082780114,50,0,50,0,0.791,0.209,-0.2755,N/A,N/A,0,0,0,1,0,4,1,0,2,0,0,2,0,0,0,0,0,0,0,0
2025-09-02 16:08:35,Rarely,Sometimes,Rarely,Sometimes,Rarely,I feel completely burned out and often wonder if I can go on. I am at the point where I may need some changes or may need to seek some sort of help,0.1735982006,0.1079821756,0.1845146193,0.082780114,50,0,50,0,0.791,0.209,-0.2755,N/A,N/A,0,0,0,1,0,4,1,0,2,0,0,2,0,0,0,0,0,0,0,0
2025-09-02 16:08:55,Often,Always,Often,Often,Sometimes,I feel completely burned out and often wonder if I can go on. I am at the point where I may need some changes or may need to seek some sort of help,0.1600894574,0.09879960423,0.1500316277,0.1210534495,37.5,12.5,50,0.188,0.508,0.304,-0.3173,N/A,N/A,0,0,0,1,0,5,1,0,4,0,0,3,0,0,0,0,0,0,2,0
2025-09-02 16:10:43,Rarely,Often,Rarely,Sometimes,Rarely,I feel completely burned out and often wonder if I can go on. I am at the point where I may need some changes or may need to seek some sort of help,0.2472227834,0.09070968054,0.1870705464,0.1372335652,30,30,40,0.067,0.402,0.531,-0.855,N/A,N/A,0,0,0,1,0,2,0,0,0,0,0,0,0,0,0,4,0,0,3,0
2025-09-02 16:10:44,Always,Often,Sometimes,Often,Sometimes,I feel completely burned out and often wonder if I can go on. I am at the point where I may need some changes or may need to seek some sort of help,0.174915337,0.09627651404,0.07786245183,0.09468513289,6.25,62.5,31.25,0,0.598,0.402,-0.8126,N/A,N/A,0,0,0,1,0,0,0,0,3,0,0,2,0,0,0,0,0,0,10,0
2025-09-02 16:13:19,Always,Always,Sometimes,Often,Sometimes,I feel completely burned out and often wonder if I can go on. I am at the point where I may need some changes or may need to seek some sort of help,0.1619641355,0.07072421157,0.1158201081,0.131821993,6.25,62.5,31.25,0.101,0.31,0.589,-0.8074,N/A,N/A,0,0,4,0,0,1,0,0,0,0,0,1,0,0,0,0,0,0,10,0
2025-09-02 16:13:45,Rarely,Often,Rarely,Always,Rarely,I feel completely burned out and often wonder if I can go on. I am at the point where I may need some changes or may need to seek some sort of help,0.1231106239,0.07006620634,0.2712230898,0.08784401768,10,20,70,0,0.717,0.283,-0.7126,N/A,N/A,0,0,0,0,0,1,0,0,2,0,0,2,0,0,0,2,1,0,2,0
2025-09-02 16:14:48,Often,Rarely,Often,Rarely,Never,The symptoms of burnout that I’m experiencing won’t go away. I think about frustration at work a lot,0.1696927728,0.08432247466,0.03366046239,0.01256351989,6.25,81.25,12.5,0.091,0.584,0.325,-0.75,N/A,N/A,0,0,0,0,0,1,1,0,1,0,0,0,0,0,0,0,0,0,13,0
2025-09-02 16:15:14,Always,Never,Always,Never,Always,I feel completely burned out and often wonder if I can go on. I am at the point where I may need some changes or may need to seek some sort of help,0.2005140703,0.1012256942,0.1590099168,0.122021805,0,30,70,0.119,0.691,0.19,-0.2168,N/A,N/A,0,0,2,0,0,0,0,0,0,1,0,1,0,0,0,2,1,0,3,0
2025-09-02 16:16:37,Rarely,Sometimes,Rarely,Sometimes,Often,I feel completely burned out and often wonder if I can go on. I am at the point where I may need some changes or may need to seek some sort of help,0.230234914,0.09171496678,0.1328815942,0.1288556994,10,50,40,0.107,0.664,0.229,-0.5254,N/A,N/A,0,0,2,0,0,1,0,0,1,0,0,0,0,0,0,1,0,0,5,0
2025-09-02 16:16:47,Often,Sometimes,Always,Sometimes,Sometimes,The symptoms of burnout that I’m experiencing won’t go away. I think about frustration at work a lot,0.1360053724,0.07946356674,0.1249087691,0.1119419201,11.76470588,47.05882353,41.17647059,0.088,0.34,0.571,-0.8442,N/A,N/A,0,0,0,1,0,1,0,0,3,0,0,4,0,0,0,0,0,0,8,0
2025-09-02 16:18:35,Often,Sometimes,Always,Sometimes,Sometimes,The symptoms of burnout that I’m experiencing won’t go away. I think about frustration at work a lot,0.1330099661,0.09888702466,0.07350758792,0.0698123768,0,76.47058824,23.52941176,0.067,0.401,0.532,-0.8562,N/A,N/A,0,0,0,0,0,0,0,0,2,0,0,1,0,0,0,1,0,0,13,0
2025-09-02 16:20:02,Always,Often,Sometimes,Rarely,Never,I feel completely burned out and often wonder if I can go on. I am at the point where I may need some changes or may need to seek some sort of help,0.2105799958,0.0929844252,0.0850943491,0.06768718217,18.75,50,31.25,0.142,0.561,0.297,-0.5693,N/A,N/A,0,0,0,0,0,3,0,0,3,0,0,2,0,0,0,0,0,0,8,0
2025-09-02 16:20:16,Never,Rarely,Rarely,Never,Sometimes,I feel completely burned out and often wonder if I can go on. I am at the point where I may need some changes or may need to seek some sort of help,0.2561815369,0.07941393284,0.04264580904,0.03442735698,10,40,50,0.045,0.514,0.44,-0.9193,N/A,N/A,0,0,1,0,0,1,0,0,1,0,0,1,0,0,0,0,2,0,4,0
2025-09-02 16:20:30,Never,Rarely,Rarely,Never,Sometimes,I feel completely burned out and often wonder if I can go on. I am at the point where I may need some changes or may need to seek some sort of help,0.2561815369,0.07941393284,0.04264580904,0.03442735698,10,40,50,0.045,0.514,0.44,-0.9193,N/A,N/A,0,0,1,0,0,1,0,0,1,0,0,1,0,0,0,0,2,0,4,0
2025-09-02 16:21:38,Always,Often,Sometimes,Often,Sometimes,I feel completely burned out and often wonder if I can go on. I am at the point where I may need some changes or may need to seek some sort of help,0.1841741442,0.07610297437,0.1567229294,0.07568875903,18.75,31.25,50,0.052,0.523,0.425,-0.865,N/A,N/A,0,0,0,0,0,3,0,0,2,0,0,6,0,0,0,0,0,0,5,0
2025-09-02 16:22:26,Rarely,Sometimes,Never,Rarely,Often,I feel completely burned out and often wonder if I can go on. I am at the point where I may need some changes or may need to seek some sort of help,0.1182069823,0.06312305994,0.1757509113,0.1177631608,10,20,70,0,0.822,0.178,-0.628,N/A,N/A,0,0,1,0,0,1,0,0,0,0,0,1,0,0,0,0,5,0,2,0
2025-09-02 16:22:54,Often,Often,Rarely,Often,Rarely,I feel completely burned out and often wonder if I can go on. I am at the point where I may need some changes or may need to seek some sort of help,0.2616772334,0.056452487,0.09553038017,0.07381953191,0,81.25,18.75,0,0.719,0.281,-0.7525,N/A,N/A,0,0,0,0,0,0,0,0,0,0,0,2,0,0,0,0,1,0,13,0
2025-09-02 16:24:08,Sometimes,Always,Sometimes,Often,Sometimes,I feel completely burned out and often wonder if I can go on. I am at the point where I may need some changes or may need to seek some sort of help,0.1702166445,0.08431631163,0.1344414847,0.04760341866,0,50,50,0.162,0.458,0.38,-0.5149,N/A,N/A,0,0,1,0,0,0,0,0,6,0,0,1,0,0,0,0,0,0,8,0
2025-09-02 16:25:11,Sometimes,Rarely,Often,Often,Sometimes,I feel completely burned out and often wonder if I can go on. I am at the point where I may need some changes or may need to seek some sort of help,0.1382278543,0.09342412439,0.1398299057,0.1099291755,10,40,50,0.121,0.34,0.539,-0.8224,N/A,N/A,0,0,1,0,0,1,0,0,1,0,0,1,0,0,0,0,2,0,4,0
2025-09-02 16:25:28,Sometimes,Rarely,Often,Often,Sometimes,I feel completely burned out and often wonder if I can go on. I am at the point where I may need some changes or may need to seek some sort of help,0.1382278543,0.09342412439,0.1398299057,0.1099291755,10,40,50,0.121,0.34,0.539,-0.8224,N/A,N/A,0,0,1,0,0,1,0,0,1,0,0,1,0,0,0,0,2,0,4,0
2025-09-02 16:26:58,Sometimes,Never,Rarely,Sometimes,Never,I feel completely burned out and often wonder if I can go on. I am at the point where I may need some changes or may need to seek some sort of help,0.139077278,0.04104360276,0.03249858873,0.01510760807,10,40,50,0.099,0.456,0.445,-0.9281,N/A,N/A,0,0,0,0,0,1,4,0,0,0,0,0,0,0,0,0,1,0,4,0
2025-09-02 16:27:06,Sometimes,Often,Sometimes,Sometimes,Sometimes,The symptoms of burnout that I’m experiencing won’t go away. I think about frustration at work a lot,0.2127506606,0.07693759931,0.03222102935,0.02430720934,0,75,25,0,0.463,0.537,-0.8977,N/A,N/A,0,0,0,0,0,0,1,0,1,0,0,1,0,0,0,1,0,0,12,0
2025-09-02 16:29:32,Sometimes,Sometimes,Often,Rarely,Sometimes,The symptoms of burnout that I’m experiencing won’t go away. I think about frustration at work a lot,0.2325512278,0.1514942658,0.07493544577,0.08358302254,0,68.75,31.25,0.195,0.369,0.436,-0.8481,N/A,N/A,0,0,0,0,0,0,0,0,2,0,0,2,0,0,0,1,0,0,11,0
2025-09-02 16:29:35,Sometimes,Always,Often,Sometimes,Always,,0.1790774321,0.09186683297,0.1126279304,0.1069348967,14.28571429,42.85714286,42.85714286,0,0.882,0.118,-0.3412,N/A,N/A,0,0,1,0,0,2,0,0,1,0,0,3,0,0,0,0,1,0,6,0
2025-09-02 16:30:12,Sometimes,Sometimes,Often,Rarely,Sometimes,The symptoms of burnout that I’m experiencing won’t go away. I think about frustration at work a lot,0.2325512278,0.1514942658,0.07493544577,0.08358302254,0,68.75,31.25,0.195,0.369,0.436,-0.8481,N/A,N/A,0,0,0,0,0,0,0,0,2,0,0,2,0,0,0,1,0,0,11,0
2025-09-02 16:31:52,Rarely,Sometimes,Rarely,Often,Sometimes,I feel completely burned out and often wonder if I can go on. I am at the point where I may need some changes or may need to seek some sort of help,0.1680095776,0.12183483,0.2056289779,0.1250908006,10,30,60,0,0.558,0.442,-0.9133,N/A,N/A,0,0,0,0,0,1,0,0,0,0,0,3,0,0,0,0,3,0,3,0
2025-09-02 16:32:08,Rarely,Sometimes,Rarely,Often,Sometimes,I feel completely burned out and often wonder if I can go on. I am at the point where I may need some changes or may need to seek some sort of help,0.1680095776,0.12183483,0.2056289779,0.1250908006,10,30,60,0,0.558,0.442,-0.9133,N/A,N/A,0,0,0,0,0,1,0,0,0,0,0,3,0,0,0,0,3,0,3,0
2025-09-02 16:32:24,Often,Sometimes,Often,Sometimes,Often,I feel completely burned out and often wonder if I can go on. I am at the point where I may need some changes or may need to seek some sort of help,0.2255937822,0.0926815217,0.07016758376,0.08568904861,0,75,25,0.094,0.315,0.591,-0.9123,N/A,N/A,0,0,0,0,0,0,0,0,3,0,0,1,0,0,0,0,0,0,12,0
2025-09-02 16:33:29,Sometimes,Often,Sometimes,Often,Never,I feel completely burned out and often wonder if I can go on. I am at the point where I may need some changes or may need to seek some sort of help,0.1278871397,0.09654569188,0.2410218702,0.1222436862,0,20,80,0.053,0.546,0.401,-0.909,N/A,N/A,0,0,1,0,0,0,0,0,1,0,0,2,0,0,0,3,1,0,2,0
2025-09-02 17:53:07,Often,Sometimes,Sometimes,Never,Never,The symptoms of burnout that I’m experiencing won’t go away. I think about frustration at work a lot,0.1798579926,0.02187686068,0.08092953229,0.06389982938,40,0,60,0.122,0.878,0,0.3612,N/A,N/A,0,1,0,1,0,1,1,0,1,0,0,0,0,0,0,0,0,0,0,0
2025-09-02 17:59:29,Rarely,Often,Sometimes,Sometimes,Often,"Occasionally I am under stress, and I don’t always have as much energy as I once did, but I don’t feel burned out",0.1786347878,0.04293829939,0.09392423731,0.03658432341,80,0,20,0.457,0.543,0,0.9552,N/A,N/A,0,0,0,0,0,4,0,0,1,0,0,0,0,0,0,0,0,0,0,0
2025-09-02 18:11:08,Often,Often,Always,Rarely,Rarely,"I am definitely burning out and have one or more symptoms of burnout, such as physical and emotional exhaustion",0.2660324095,0.01306647503,0.02837591136,0.008535121244,25,25,50,0.077,0.808,0.114,-0.2732,N/A,N/A,0,0,2,0,0,1,0,0,0,0,0,0,0,0,0,0,0,0,1,0
2025-09-02 18:17:46,Often,Often,Sometimes,Sometimes,Often,I feel completely burned out and often wonder if I can go on. I am at the point where I may need some changes or may need to seek some sort of help,0.2444900749,0.03491433585,0.07783547781,0.01920012913,0,60,40,0,1,0,0,N/A,N/A,1,0,0,0,0,0,0,0,0,0,0,1,0,0,0,0,0,0,3,0
2025-09-02 18:24:17,Sometimes,Sometimes,Sometimes,Always,Often,"I am definitely burning out and have one or more symptoms of burnout, such as physical and emotional exhaustion",0.2590664171,0.009326211321,0.02591448042,0.0189278784,50,50,0,0.291,0.709,0,0.5719,N/A,N/A,0,0,0,0,0,2,0,0,0,0,0,0,0,0,0,0,0,0,2,0
2025-09-02 18:26:41,Never,Never,Never,Never,Never,I enjoy my work. I have no symptoms of burnout,0.2593387276,0.05067665899,0.0774937298,0.03254252201,40,40,20,0.291,0.709,0,0.5719,N/A,N/A,1,0,0,0,0,2,0,0,0,0,0,0,0,0,0,0,0,0,2,0
2025-09-02 18:27:12,Never,Never,Never,Never,Never,I enjoy my work. I have no symptoms of burnout,0.2593387276,0.05067665899,0.0774937298,0.03254252201,40,40,20,0.321,0.536,0.143,0.25,N/A,N/A,1,0,0,0,0,2,0,0,0,0,0,0,0,0,0,0,0,0,2,0
2025-09-02 18:33:01,Sometimes,Often,Rarely,Sometimes,Sometimes,"I am definitely burning out and have one or more symptoms of burnout, such as physical and emotional exhaustion",0.2542210742,0.009934975692,0.0138915545,0.008020352647,0,100,0,0.259,0.443,0.298,-0.1548,N/A,N/A,0,0,0,0,0,0,0,0,0,0,0,0,0,0,0,0,0,0,5,0
2025-09-02 19:47:48,Often,Sometimes,Sometimes,Sometimes,Often,The symptoms of burnout that I’m experiencing won’t go away. I think about frustration at work a lot,0.3021884344,0.04920408578,0.1226816495,0.108240492,0,68.75,31.25,0.168,0.624,0.208,0.011,N/A,N/A,0,0,1,0,0,0,0,0,0,0,0,3,0,0,0,0,1,0,11,0
2025-09-02 20:05:17,Often,Often,Rarely,Often,Often,The symptoms of burnout that I’m experiencing won’t go away. I think about frustration at work a lot,0.2595840578,0.01861841578,0.01638956757,0.007568821384,0,100,0,0,0.335,0.665,-0.7146,N/A,N/A,0,0,0,0,0,0,0,0,0,0,0,0,0,0,0,0,0,0,16,0
2025-09-02 20:22:36,Often,Rarely,Often,Sometimes,Rarely,The symptoms of burnout that I’m experiencing won’t go away. I think about frustration at work a lot,0.1953228545,0.07074736922,0.1882247952,0.1183234636,12.5,18.75,68.75,0,0.594,0.406,-0.8019,N/A,N/A,0,0,3,0,0,2,2,0,3,0,0,3,0,0,0,0,0,0,3,0
2025-09-02 20:24:32,Sometimes,Often,Rarely,Rarely,Often,The symptoms of burnout that I’m experiencing won’t go away. I think about frustration at work a lot,0.1659920905,0.0902955679,0.08692952277,0.1051434025,0,56.25,43.75,0,0.353,0.647,-0.8007,N/A,N/A,0,0,2,0,0,0,0,0,3,0,0,2,0,0,0,0,0,0,9,0
2025-09-02 20:33:00,Always,Always,Often,Sometimes,Never,The symptoms of burnout that I’m experiencing won’t go away. I think about frustration at work a lot,0.1944127084,0.05862980146,0.1717540767,0.1137065343,0,25,75,0.145,0.671,0.184,-0.2728,N/A,N/A,0,0,0,0,0,0,0,0,0,0,0,2,0,0,0,0,1,0,1,0
2025-09-02 20:34:58,Always,Always,Always,Never,Never,The symptoms of burnout that I’m experiencing won’t go away. I think about frustration at work a lot,0.1154955106,0.06413716858,0.2183226145,0.06867069159,0,50,50,0.085,0.49,0.425,-0.9081,N/A,N/A,0,0,0,0,0,0,0,0,1,0,0,0,0,0,0,0,1,0,2,0
2025-09-02 20:50:43,Often,Never,Sometimes,Sometimes,Rarely,The symptoms of burnout that I’m experiencing won’t go away. I think about frustration at work a lot,0.1971137581,0.08023191968,0.1826650062,0.124524431,25,25,50,0.161,0.596,0.243,-0.4485,N/A,N/A,0,0,0,1,0,0,0,0,0,0,0,1,0,0,0,1,0,0,1,0
2025-09-02 20:51:03,Often,Never,Sometimes,Sometimes,Rarely,The symptoms of burnout that I’m experiencing won’t go away. I think about frustration at work a lot,0.1971137581,0.08023191968,0.1826650062,0.124524431,25,25,50,0.161,0.596,0.243,-0.4485,N/A,N/A,0,0,0,1,0,0,0,0,0,0,0,1,0,0,0,1,0,0,1,0
2025-09-03 19:53:55,Always,Always,Always,Never,Rarely,The symptoms of burnout that I’m experiencing won’t go away. I think about frustration at work a lot,0.1360996567,0.07188592374,0.241341636,0.1156337344,0,14.28571429,85.71428571,0,0.657,0.343,-0.8573,N/A,N/A,0,1,2,0,0,0,0,0,1,0,0,1,0,0,0,1,0,0,1,0
2025-09-03 19:55:26,Always,Always,Always,Never,Never,The symptoms of burnout that I’m experiencing won’t go away. I think about frustration at work a lot,0.1304237765,0.05483340242,0.2917977747,0.10447469,14.28571429,0,85.71428571,0.044,0.673,0.283,-0.7276,N/A,N/A,0,0,2,1,0,0,0,0,4,0,0,0,0,0,0,0,0,0,0,0
2025-09-04 20:44:59,Often,Sometimes,Rarely,Sometimes,Sometimes,"I am definitely burning out and have one or more symptoms of burnout, such as physical and emotional exhaustion",0.2165968578,0.05703929244,0.193365604,0.1554404206,30.76923077,23.07692308,46.15384615,0,0.521,0.479,-0.8016,N/A,N/A,0,0,0,0,0,4,0,0,2,0,0,3,0,0,0,0,1,0,3,0
2025-09-04 20:51:48,Rarely,Often,Rarely,Rarely,Always,"I am definitely burning out and have one or more symptoms of burnout, such as physical and emotional exhaustion",0.2055852419,0.04773502856,0.06813941021,0.07278921059,40,40,20,0.402,0.503,0.095,0.6702,N/A,N/A,0,0,1,0,0,2,0,0,0,0,0,0,0,0,0,0,0,0,2,0
2025-09-04 20:54:22,Often,Sometimes,Often,Rarely,Sometimes,The symptoms of burnout that I’m experiencing won’t go away. I think about frustration at work a lot,0.1980637692,0.08925368107,0.1113003437,0.0951900172,0,0,100,0.234,0.492,0.274,-0.1847,N/A,N/A,0,0,2,0,0,0,0,0,3,0,0,0,0,0,0,0,0,0,0,0
2025-09-04 20:49:42,Sometimes,Sometimes,Rarely,Sometimes,Often,"I am definitely burning out and have one or more symptoms of burnout, such as physical and emotional exhaustion",0.1639613449,0.05786672174,0.1844284846,0.1614110105,0,53.33333333,46.66666667,0.139,0.568,0.293,-0.1124,N/A,N/A,0,0,0,0,0,0,3,0,3,0,0,1,0,0,0,0,0,0,8,0
2025-09-04 20:56:29,Rarely,Often,Rarely,Often,Rarely,The symptoms of burnout that I’m experiencing won’t go away. I think about frustration at work a lot,0.1970941823,0.06412287311,0.1267978501,0.1082501541,0,0,100,0,0.905,0.095,-0.274,N/A,N/A,0,0,2,0,0,0,0,0,3,0,0,0,0,0,0,0,0,0,0,0
2025-09-04 20:51:41,Always,Sometimes,Sometimes,Rarely,Rarely,"I am definitely burning out and have one or more symptoms of burnout, such as physical and emotional exhaustion",0.164583763,0.06153386478,0.1482786982,0.1215327377,14.28571429,64.28571429,21.42857143,0,0.813,0.187,-0.4572,N/A,N/A,0,0,0,0,0,2,0,0,1,0,0,2,0,0,0,0,0,0,9,0
2025-09-04 20:58:45,Often,Sometimes,Often,Rarely,Rarely,The symptoms of burnout that I’m experiencing won’t go away. I think about frustration at work a lot,0.1819961181,0.01575121214,0.08626241086,0.06074229471,16.66666667,16.66666667,66.66666667,0.137,0.766,0.097,0.2533,N/A,N/A,0,0,2,0,0,1,0,0,2,0,0,0,0,0,0,0,0,0,1,0
2025-09-04 21:01:15,Never,Always,Never,Sometimes,Always,The symptoms of burnout that I’m experiencing won’t go away. I think about frustration at work a lot,0.1690892243,0.0304332418,0.09413891561,0.07405581317,20,0,80,0.595,0.405,0,0.5267,N/A,N/A,0,0,2,0,0,1,0,0,2,0,0,0,0,0,0,0,0,0,0,0
2025-09-04 21:06:09,Often,Rarely,Often,Sometimes,Rarely,The symptoms of burnout that I’m experiencing won’t go away. I think about frustration at work a lot,0.2186229303,0.01880626392,0.04693381869,0.008938100038,0,20,80,0.187,0.733,0.08,0.4945,N/A,N/A,0,0,1,0,0,0,0,0,3,0,0,0,0,0,0,0,0,0,1,0
2025-09-04 21:07:18,Always,Sometimes,Sometimes,Rarely,Rarely,"I am definitely burning out and have one or more symptoms of burnout, such as physical and emotional exhaustion",0.2017924549,0.06476590735,0.1768739568,0.1488107299,6.25,56.25,37.5,0,0.647,0.353,-0.7177,N/A,N/A,0,0,0,0,0,1,0,0,1,0,0,4,0,0,0,1,0,0,9,0
2025-09-04 21:07:59,Rarely,Often,Rarely,Often,Often,The symptoms of burnout that I’m experiencing won’t go away. I think about frustration at work a lot,0.1839952624,0.0166980769,0.1113007856,0.07960228225,0,0,100,0,0.893,0.107,-0.4782,N/A,N/A,0,0,2,0,0,0,0,0,3,0,0,0,0,0,0,0,0,0,0,0
2025-09-04 21:08:53,Always,Often,Sometimes,Rarely,Never,"I am definitely burning out and have one or more symptoms of burnout, such as physical and emotional exhaustion",0.166637288,0.04967195489,0.1673400844,0.1466741245,13.33333333,40,46.66666667,0,0.479,0.521,-0.8266,N/A,N/A,0,0,0,0,0,2,0,0,4,0,0,3,0,0,0,0,0,0,6,0
2025-09-04 21:09:45,Often,Rarely,Often,Rarely,Rarely,The symptoms of burnout that I’m experiencing won’t go away. I think about frustration at work a lot,0.1884053531,0.02318276523,0.07657492359,0.04155127438,0,0,100,0.228,0.677,0.095,0.6064,N/A,N/A,0,0,4,0,0,0,0,0,1,0,0,0,0,0,0,0,0,0,0,0
2025-09-04 21:10:16,Often,Sometimes,Often,Rarely,Rarely,"I am definitely burning out and have one or more symptoms of burnout, such as physical and emotional exhaustion",0.1551704596,0.03137752293,0.133693775,0.1093920177,6.666666667,46.66666667,46.66666667,0.206,0.395,0.399,-0.5346,N/A,N/A,0,0,0,0,0,1,1,0,4,0,0,2,0,0,0,0,0,0,7,0
2025-09-04 21:11:15,Always,Never,Always,Never,Never,The symptoms of burnout that I’m experiencing won’t go away. I think about frustration at work a lot,0.2079928629,0.01921310155,0.06546501379,0.004749140136,0,0,100,0,0.611,0.389,-0.7474,N/A,N/A,0,0,3,0,0,0,0,0,1,0,0,0,0,0,0,0,0,0,0,0
2025-09-04 21:12:51,Rarely,Often,Rarely,Sometimes,Often,The symptoms of burnout that I’m experiencing won’t go away. I think about frustration at work a lot,0.2078196697,0.03929026171,0.0747408193,0.03882810652,0,0,100,0.202,0.72,0.078,0.6249,N/A,N/A,0,0,4,0,0,0,0,0,1,0,0,0,0,0,0,0,0,0,0,0
2025-09-04 21:13:54,Often,Sometimes,Sometimes,Rarely,Sometimes,"I am definitely burning out and have one or more symptoms of burnout, such as physical and emotional exhaustion",0.1988521355,0.06788827301,0.1720354742,0.1359723441,28.57142857,14.28571429,57.14285714,0.287,0.347,0.366,-0.1531,N/A,N/A,0,0,0,1,0,3,0,0,5,0,0,3,0,0,0,0,0,0,2,0
2025-09-04 21:18:04,Rarely,Often,Rarely,Often,Often,The symptoms of burnout that I’m experiencing won’t go away. I think about frustration at work a lot,0.2005593318,0.0235213798,0.07321785139,0.02011292418,0,0,100,0.193,0.807,0,0.6486,N/A,N/A,0,0,3,0,0,0,0,0,1,1,0,0,0,0,0,0,0,0,0,0
2025-09-04 21:19:23,Never,Never,Never,Always,Always,I enjoy my work. I have no symptoms of burnout,0.2010697049,0.06682805645,0.1528244965,0.03061009273,90,0,10,0.33,0.623,0.047,0.8634,N/A,N/A,0,1,0,0,0,9,0,0,0,0,0,0,0,0,0,0,0,0,0,0
2025-09-04 21:20:16,Rarely,Rarely,Rarely,Sometimes,Sometimes,I enjoy my work. I have no symptoms of burnout,0.2112977815,0.04947614559,0.09311797125,0.04116997923,75,0,25,0.349,0.651,0,0.7096,N/A,N/A,0,0,0,0,0,3,1,0,0,0,0,0,0,0,0,0,0,0,0,0
2025-09-04 21:21:33,Never,Never,Never,Always,Always,I enjoy my work. I have no symptoms of burnout,0.1810831141,0.07218287501,0.1726877028,0.04285308171,91.66666667,8.333333333,0,0.628,0.372,0,0.942,N/A,N/A,0,0,0,1,0,10,0,0,0,0,0,0,0,0,0,0,0,0,1,0
2025-09-04 21:21:13,Never,Always,Never,Always,Never,The symptoms of burnout that I’m experiencing won’t go away. I think about frustration at work a lot,0.2098178467,0.01700889712,0.0636454242,0.05667366134,20,20,60,0.083,0.432,0.486,-0.9426,N/A,N/A,0,0,1,0,0,1,0,0,2,0,0,0,0,0,0,0,0,0,1,0
2025-09-04 21:22:07,Rarely,Often,Sometimes,Rarely,Rarely,"I am definitely burning out and have one or more symptoms of burnout, such as physical and emotional exhaustion",0.2189031445,0.05001006627,0.1635712247,0.1345819117,13.33333333,40,46.66666667,0,0.619,0.381,-0.5719,N/A,N/A,0,0,1,0,0,2,0,0,3,0,0,3,0,0,0,0,0,0,6,0
2025-09-04 21:23:09,Often,Rarely,Often,Rarely,Never,The symptoms of burnout that I’m experiencing won’t go away. I think about frustration at work a lot,0.1643726566,0.02919408988,0.1237074054,0.09397532929,20,0,80,0.246,0.266,0.488,-0.743,N/A,N/A,0,0,4,0,0,1,0,0,0,0,0,0,0,0,0,0,0,0,0,0
2025-09-04 21:24:16,Sometimes,Rarely,Often,Rarely,Rarely,"I am definitely burning out and have one or more symptoms of burnout, such as physical and emotional exhaustion",0.2024993044,0.05302276852,0.1182822736,0.1041116823,40,6.666666667,53.33333333,0,0.488,0.512,-0.8626,N/A,N/A,2,0,0,0,0,6,3,0,2,0,0,1,0,0,0,0,0,0,1,0
2025-09-04 21:24:49,Rarely,Always,Rarely,Never,Never,The symptoms of burnout that I’m experiencing won’t go away. I think about frustration at work a lot,0.157744781,0.06662559717,0.1154071707,0.07694678192,0,40,60,0.294,0.38,0.326,-0.2374,N/A,N/A,0,0,3,0,0,0,0,0,0,0,0,0,0,0,0,0,0,0,2,0
2025-09-04 21:26:20,Sometimes,Rarely,Sometimes,Rarely,Never,"I am definitely burning out and have one or more symptoms of burnout, such as physical and emotional exhaustion",0.1890641118,0.06338630346,0.09899386159,0.05097319705,26.66666667,26.66666667,46.66666667,0.068,0.363,0.569,-0.9015,N/A,N/A,0,0,0,1,0,3,0,0,6,0,0,1,0,0,0,0,0,0,4,0
2025-09-04 21:26:50,Rarely,Often,Sometimes,Never,Never,The symptoms of burnout that I’m experiencing won’t go away. I think about frustration at work a lot,0.1738124834,0.02231689504,0.1085040917,0.104950003,60,0,40,0.141,0.572,0.287,-0.6496,N/A,N/A,0,0,1,0,0,3,0,0,1,0,0,0,0,0,0,0,0,0,0,0
2025-09-04 21:27:55,Often,Rarely,Sometimes,Rarely,Never,"I am definitely burning out and have one or more symptoms of burnout, such as physical and emotional exhaustion",0.1708595644,0.06556526831,0.1673308189,0.1116050901,13.33333333,40,46.66666667,0.284,0.56,0.156,0.2648,N/A,N/A,0,0,1,0,0,2,0,0,4,0,0,2,0,0,0,0,0,0,6,0
2025-09-04 21:29:56,Sometimes,Rarely,Often,Rarely,Never,"I am definitely burning out and have one or more symptoms of burnout, such as physical and emotional exhaustion",0.2005383562,0.07019278307,0.1487876596,0.1142405149,14.28571429,57.14285714,28.57142857,0.194,0.513,0.292,-0.3959,N/A,N/A,0,0,0,0,0,2,0,0,1,0,0,3,0,0,0,0,0,0,8,0
2025-09-04 21:30:58,Rarely,Always,Always,Rarely,Rarely,The symptoms of burnout that I’m experiencing won’t go away. I think about frustration at work a lot,0.1921788146,0.01354935212,0.103194016,0.05724651634,25,0,75,0,0.721,0.279,-0.7351,N/A,N/A,0,1,0,0,0,1,0,0,2,0,0,0,0,0,0,0,0,0,0,0
2025-09-04 21:33:54,Never,Rarely,Rarely,Often,Always,I enjoy my work. I have no symptoms of burnout,0.1350085145,0.07381806663,0.1876492152,0.05395722808,90.90909091,9.090909091,0,0.282,0.718,0,0.8344,N/A,N/A,0,0,0,2,0,8,0,0,0,0,0,0,0,0,0,0,0,0,1,0
2025-09-04 21:35:51,Rarely,Never,Rarely,Always,Often,I enjoy my work. I have no symptoms of burnout,0.1736975174,0.06132778869,0.155668066,0.06168210901,100,0,0,0.568,0.432,0,0.9623,N/A,N/A,0,0,0,1,0,10,0,0,0,0,0,0,0,0,0,0,0,0,0,0
2025-09-04 21:35:17,Sometimes,Often,Often,Rarely,Sometimes,"I am definitely burning out and have one or more symptoms of burnout, such as physical and emotional exhaustion",0.1985726081,0.06305378242,0.1793093611,0.1262704218,14.28571429,28.57142857,57.14285714,0.095,0.693,0.212,-0.4323,N/A,N/A,2,0,1,0,0,2,0,0,1,0,0,3,0,0,0,1,0,0,4,0
2025-09-04 21:35:36,Rarely,Often,Always,Rarely,Never,The symptoms of burnout that I’m experiencing won’t go away. I think about frustration at work a lot,0.2481030621,0.03471526567,0.07603217609,0.03605808391,0,70,30,0.087,0.68,0.233,-0.696,N/A,N/A,0,0,2,0,0,0,0,0,1,0,0,0,0,0,0,0,0,0,7,0
2025-09-04 21:36:51,Never,Never,Rarely,Rarely,Sometimes,I enjoy my work. I have no symptoms of burnout,0.1911716617,0.04171413762,0.1110830717,0.02693689608,60,20,20,0.381,0.619,0,0.5709,N/A,N/A,0,1,0,0,0,3,0,0,0,0,0,0,0,0,0,0,0,0,1,0
2025-09-04 21:37:48,Rarely,Rarely,Rarely,Always,Always,I enjoy my work. I have no symptoms of burnout,0.270618189,0.1088513133,0.1533235989,0.06101270273,83.33333333,16.66666667,0,0.69,0.31,0,0.9701,N/A,N/A,0,0,0,1,0,9,0,0,0,0,0,0,0,0,0,0,0,0,2,0
2025-09-04 21:37:05,Sometimes,Sometimes,Often,Rarely,Never,"I am definitely burning out and have one or more symptoms of burnout, such as physical and emotional exhaustion",0.150394913,0.04408494014,0.1188842688,0.09490040093,33.33333333,33.33333333,33.33333333,0.062,0.829,0.109,-0.278,N/A,N/A,1,0,1,0,0,5,1,0,1,0,0,1,0,0,0,0,0,0,5,0
2025-09-04 21:39:09,Never,Never,Rarely,Often,Always,I enjoy my work. I have no symptoms of burnout,0.1754109119,0.06492561363,0.1489748772,0.04305471171,100,0,0,0.331,0.669,0,0.8561,N/A,N/A,0,0,0,2,0,10,0,0,0,0,0,0,0,0,0,0,0,0,0,0
2025-09-04 21:38:20,Rarely,Often,Rarely,Never,Never,The symptoms of burnout that I’m experiencing won’t go away. I think about frustration at work a lot,0.1391392301,0.04158038549,0.147237624,0.1057904402,44.44444444,0,55.55555556,0,0.847,0.153,-0.5334,N/A,N/A,0,0,2,0,0,4,0,0,1,0,0,2,0,0,0,0,0,0,0,0
2025-09-04 21:38:58,Rarely,Sometimes,Rarely,Never,Never,"I am definitely burning out and have one or more symptoms of burnout, such as physical and emotional exhaustion",0.2734199628,0.03628479073,0.09359693028,0.08780108968,40,20,40,0.127,0.539,0.334,-0.4717,N/A,N/A,1,0,0,0,0,6,0,0,1,0,0,3,0,0,0,0,1,0,3,0
2025-09-04 21:40:40,Always,Sometimes,Always,Never,Never,The symptoms of burnout that I’m experiencing won’t go away. I think about frustration at work a lot,0.1651734566,0.03367935615,0.114013345,0.09142515012,40,30,30,0.225,0.681,0.094,0.4742,N/A,N/A,0,0,0,0,0,4,0,0,2,0,0,1,0,0,0,0,0,0,3,0
2025-09-04 21:41:10,Rarely,Sometimes,Rarely,Never,Never,"I am definitely burning out and have one or more symptoms of burnout, such as physical and emotional exhaustion",0.2482285932,0.03420745954,0.05071184854,0.06739504993,21.42857143,21.42857143,57.14285714,0,0.558,0.442,-0.652,N/A,N/A,1,0,0,0,0,3,1,0,1,0,0,5,0,0,0,0,0,0,3,0
2025-09-04 21:41:59,Often,Rarely,Often,Never,Rarely,The symptoms of burnout that I’m experiencing won’t go away. I think about frustration at work a lot,0.2125160235,0.02270117435,0.1639610453,0.01115228548,0,0,100,0,0.596,0.404,-0.8316,N/A,N/A,0,0,3,0,0,0,0,0,6,0,0,0,0,0,0,0,0,0,0,0
2025-09-04 21:43:34,Rarely,Never,Rarely,Often,Often,I enjoy my work. I have no symptoms of burnout,0.2112343131,0.04358740909,0.1285242433,0.03512034091,100,0,0,0,1,0,0,N/A,N/A,0,0,0,1,0,10,0,0,0,0,0,0,0,0,0,0,0,0,0,0
2025-09-04 21:42:58,Never,Never,Rarely,Often,Sometimes,I enjoy my work. I have no symptoms of burnout,0.2576454758,0.0653921449,0.1321778313,0.08307467745,78.57142857,14.28571429,7.142857143,0.507,0.493,0,0.8834,N/A,N/A,1,0,0,3,0,8,0,0,0,0,0,0,0,0,0,0,0,0,2,0
2025-09-04 21:43:49,Never,Never,Never,Rarely,Rarely,I enjoy my work. I have no symptoms of burnout,0.1941383071,0.02557957142,0.1132948511,0.02830307183,75,25,0,0.471,0.529,0,0.8689,N/A,N/A,0,0,0,0,0,3,0,0,0,0,0,0,0,0,0,0,0,0,1,0
2025-09-04 21:47:03,Often,Often,Always,Rarely,Never,The symptoms of burnout that I’m experiencing won’t go away. I think about frustration at work a lot,0.2179393999,0.02551345918,0.1225997616,0.09619137507,10,60,30,0.137,0.641,0.222,-0.2484,N/A,N/A,0,0,2,0,0,1,0,0,0,0,0,1,0,0,0,0,0,0,6,0
2025-09-04 21:48:39,Rarely,Rarely,Rarely,Sometimes,Sometimes,I enjoy my work. I have no symptoms of burnout,0.1767492287,0.03571933359,0.1115421096,0.02471770463,75,25,0,0.701,0.299,0,0.9571,N/A,N/A,0,0,0,0,0,3,0,0,0,0,0,0,0,0,0,0,0,0,1,0
2025-09-04 21:48:42,Rarely,Rarely,Never,Never,Rarely,"I am definitely burning out and have one or more symptoms of burnout, such as physical and emotional exhaustion",0.2633421272,0.03398141397,0.0666504182,0.02848125576,50,25,25,0.146,0.464,0.391,-0.4012,N/A,N/A,1,0,0,0,0,2,0,0,0,0,0,0,0,0,0,0,0,0,1,0
2025-09-04 21:49:53,Often,Always,Often,Rarely,Never,The symptoms of burnout that I’m experiencing won’t go away. I think about frustration at work a lot,0.1942463703,0.06034674728,0.1411618973,0.09143263908,40,0,60,0,0.513,0.487,-0.5719,N/A,N/A,0,0,3,1,0,3,0,0,3,0,0,0,0,0,0,0,0,0,0,0
2025-09-04 21:50:56,Never,Rarely,Never,Always,Often,I enjoy my work. I have no symptoms of burnout,0.1812258737,0.07397434285,0.1150867219,0.02931607693,72.72727273,18.18181818,9.090909091,0.448,0.552,0,0.9394,N/A,N/A,0,0,0,0,0,8,0,0,0,0,0,1,0,0,0,0,0,0,2,0
2025-09-04 21:55:45,Rarely,Often,Always,Never,Rarely,The symptoms of burnout that I’m experiencing won’t go away. I think about frustration at work a lot,0.1439646509,0.04741926095,0.1710969293,0.1102845821,50,0,50,0,0.192,0.808,-0.9759,N/A,N/A,0,0,0,0,0,5,0,0,4,0,0,1,0,0,0,0,0,0,0,0
2025-09-04 21:59:10,Rarely,Sometimes,Never,Always,Sometimes,I enjoy my work. I have no symptoms of burnout,0.2490028664,0.04123971137,0.1634689058,0.03593165458,90.90909091,9.090909091,0,0.601,0.399,0,0.9331,N/A,N/A,0,0,0,1,0,9,0,0,0,0,0,0,0,0,0,0,0,0,1,0
2025-09-04 22:00:17,Never,Never,Never,Rarely,Rarely,I enjoy my work. I have no symptoms of burnout,0.1822628837,0.03458734742,0.110900813,0.0253055674,75,25,0,0.505,0.495,0,0.6249,N/A,N/A,0,0,0,0,0,3,0,0,0,0,0,0,0,0,0,0,0,0,1,0
2025-09-04 22:01:13,Rarely,Rarely,Never,Always,Often,I enjoy my work. I have no symptoms of burnout,0.1993821,0.049894071,0.07342631521,0.02895326161,81.81818182,9.090909091,9.090909091,0.432,0.568,0,0.8716,N/A,N/A,0,0,0,0,0,9,0,0,0,0,0,1,0,0,0,0,0,0,1,0
2025-09-04 22:04:27,Rarely,Rarely,Never,Always,Often,I enjoy my work. I have no symptoms of burnout,0.1993821,0.049894071,0.07342631521,0.02895326161,81.81818182,9.090909091,9.090909091,0.432,0.568,0,0.8716,N/A,N/A,0,0,0,0,0,9,0,0,0,0,0,1,0,0,0,0,0,0,1,0
2025-09-04 22:05:47,Rarely,Rarely,Never,Always,Always,I enjoy my work. I have no symptoms of burnout,0.1880901701,0.04306797647,0.09129193291,0.03648839887,83.33333333,8.333333333,8.333333333,0.52,0.419,0.061,0.9223,N/A,N/A,0,0,0,0,0,10,0,0,1,0,0,0,0,0,0,0,0,0,1,0
2025-09-04 22:06:24,Never,Never,Rarely,Rarely,Sometimes,I enjoy my work. I have no symptoms of burnout,0.1976344785,0.02296834299,0.1063194952,0.01225881516,50,50,0,0.318,0.682,0,0.6369,N/A,N/A,0,0,0,1,0,0,0,0,0,0,0,0,0,0,0,0,0,0,1,0
2025-09-04 22:07:21,Rarely,Never,Sometimes,Sometimes,Always,I enjoy my work. I have no symptoms of burnout,0.2550362208,0.04864356433,0.2299403486,0.08647276828,100,0,0,0.277,0.595,0.127,0.5472,N/A,N/A,0,0,0,4,0,8,0,0,0,0,0,0,0,0,0,0,0,0,0,0
2025-09-04 22:07:28,Rarely,Never,Sometimes,Sometimes,Always,I enjoy my work. I have no symptoms of burnout,0.2550362208,0.04864356433,0.2299403486,0.08647276828,100,0,0,0.277,0.595,0.127,0.5472,N/A,N/A,0,0,0,4,0,8,0,0,0,0,0,0,0,0,0,0,0,0,0,0
2025-09-04 22:08:22,Rarely,Sometimes,Never,Often,Always,I enjoy my work. I have no symptoms of burnout,0.2920596043,0.05540706782,0.1164275048,0.01475652657,100,0,0,0.277,0.595,0.127,0.5472,N/A,N/A,0,0,0,0,0,12,0,0,0,0,0,0,0,0,0,0,0,0,0,0
2025-09-04 22:07:40,Rarely,Always,Always,Rarely,Sometimes,The symptoms of burnout that I’m experiencing won’t go away. I think about frustration at work a lot,0.2029662143,0.04537606344,0.103166925,0.08906120319,0,22.22222222,77.77777778,0,0.451,0.549,-0.8381,N/A,N/A,0,0,0,0,0,0,0,0,3,1,0,3,0,0,0,0,0,0,2,0
2025-09-04 22:09:00,Rarely,Sometimes,Never,Often,Always,I enjoy my work. I have no symptoms of burnout,0.2920596043,0.05540706782,0.1164275048,0.01475652657,100,0,0,0.484,0.516,0,0.9627,N/A,N/A,0,0,0,0,0,12,0,0,0,0,0,0,0,0,0,0,0,0,0,0
2025-09-04 22:09:21,Rarely,Often,Never,Never,Never,The symptoms of burnout that I’m experiencing won’t go away. I think about frustration at work a lot,0.2317665498,0.04320908135,0.08601700127,0.05964679881,10,0,90,0,0.952,0.048,-0.0644,N/A,N/A,0,0,2,0,0,1,0,0,5,0,0,2,0,0,0,0,0,0,0,0
2025-09-04 22:14:07,Never,Rarely,Never,Always,Always,I enjoy my work. I have no symptoms of burnout,0.1668328747,0.04791985163,0.101604888,0.03213619088,100,0,0,0.495,0.505,0,0.9143,N/A,N/A,0,0,0,2,0,10,0,0,0,0,0,0,0,0,0,0,0,0,0,0
2025-09-04 22:14:28,Never,Rarely,Never,Always,Always,I enjoy my work. I have no symptoms of burnout,0.1668328747,0.04791985163,0.101604888,0.03213619088,100,0,0,0.495,0.505,0,0.9143,N/A,N/A,0,0,0,2,0,10,0,0,0,0,0,0,0,0,0,0,0,0,0,0
2025-09-04 22:15:20,Rarely,Rarely,Rarely,Often,Often,I enjoy my work. I have no symptoms of burnout,0.2325377506,0.0594108847,0.07607495297,0.02693356405,81.81818182,9.090909091,9.090909091,0.552,0.448,0,0.9682,N/A,N/A,0,1,0,1,0,8,0,0,0,0,0,0,0,0,0,0,0,0,1,0
2025-09-04 22:14:40,Never,Rarely,Rarely,Rarely,Sometimes,I enjoy my work. I have no symptoms of burnout,0.1420192839,0.01982809263,0.1296436568,0.01207894448,100,0,0,0.444,0.556,0,0.4927,N/A,N/A,0,0,0,0,0,4,0,0,0,0,0,0,0,0,0,0,0,0,0,0
2025-09-04 22:16:33,Rarely,Rarely,Never,Always,Often,I enjoy my work. I have no symptoms of burnout,0.1063557204,0.04752387922,0.160993557,0.06359336342,100,0,0,0.678,0.322,0,0.9428,N/A,N/A,0,0,0,1,0,10,0,0,0,0,0,0,0,0,0,0,0,0,0,0
2025-09-04 22:16:52,Rarely,Rarely,Never,Always,Often,I enjoy my work. I have no symptoms of burnout,0.1063557204,0.04752387922,0.160993557,0.06359336342,100,0,0,0.678,0.322,0,0.9428,N/A,N/A,0,0,0,1,0,10,0,0,0,0,0,0,0,0,0,0,0,0,0,0
2025-09-05 13:05:40,,,,,,,0.2841114514,0.0407831144,0.02589511255,0.007888572417,0,100,0,0.426,0.574,0,0.8003,N/A,N/A,0,0,0,0,0,0,0,0,0,0,0,0,0,0,0,0,0,0,4,0
2025-09-19 16:53:31,Never,Never,Never,Never,Never,I enjoy my work. I have no symptoms of burnout,0.1568920291,0.08750008349,0.0220740026,0.0132321178,75,0,25,0.552,0.448,0,0.8705,N/A,N/A,0,1,0,0,0,3,0,0,0,0,0,0,0,0,0,0,0,0,0,0
2025-09-19 16:55:03,Often,Often,Often,Rarely,Sometimes,"I am definitely burning out and have one or more symptoms of burnout, such as physical and emotional exhaustion",0.2497352113,0.06010433805,0.09730270379,0.1049027662,26.66666667,20,53.33333333,0,0.661,0.339,-0.6283,N/A,N/A,0,1,3,0,0,4,0,0,4,0,0,0,0,0,0,0,0,0,3,0
2025-09-19 21:49:51,,,,,,"I am definitely burning out and have one or more symptoms of burnout, such as physical and emotional exhaustion",0.2180562198,0.02568776811,0.03907933001,0.01580805883,0,100,0,0.214,0.556,0.23,-0.0516,N/A,N/A,0,0,0,0,0,0,0,0,0,0,0,0,0,0,0,0,0,0,8,0
2025-09-19 21:52:46,Often,Often,Sometimes,Sometimes,Often,"I am definitely burning out and have one or more symptoms of burnout, such as physical and emotional exhaustion",0.2101110241,0.01896171704,0.03970810863,0.007377425014,0,100,0,0.214,0.556,0.23,-0.0516,N/A,N/A,0,0,0,0,0,0,0,0,0,0,0,0,0,0,0,0,0,0,8,0
2025-09-19 21:55:22,Often,Often,Sometimes,Often,Sometimes,"I am definitely burning out and have one or more symptoms of burnout, such as physical and emotional exhaustion",0.2407568117,0.01384129451,0.0370871157,0.005252021506,0,100,0,0,0.617,0.383,-0.357,N/A,N/A,0,0,0,0,0,0,0,0,0,0,0,0,0,0,0,0,0,0,9,0
2025-09-19 21:59:25,Often,Often,Sometimes,Often,Sometimes,"I am definitely burning out and have one or more symptoms of burnout, such as physical and emotional exhaustion",0.2438024301,0.04233855161,0.06969345595,0.03801084732,0,77.77777778,22.22222222,0,0.637,0.363,-0.6901,N/A,N/A,0,0,0,0,0,0,0,0,2,0,0,0,0,0,0,0,0,0,7,0
2025-09-19 22:05:08,Often,Often,Sometimes,Often,Sometimes,"I am definitely burning out and have one or more symptoms of burnout, such as physical and emotional exhaustion",0.206731449,0.03427007234,0.07852717863,0.02582387561,12.5,87.5,0,0.163,0.523,0.314,-0.3182,N/A,N/A,0,0,0,0,0,1,0,0,0,0,0,0,0,0,0,0,0,0,7,0
2025-09-19 22:10:37,Often,Often,Sometimes,Often,Sometimes,"I am definitely burning out and have one or more symptoms of burnout, such as physical and emotional exhaustion",0.2659312965,0.01988609722,0.02709088771,0.01573158163,12.5,75,12.5,0,0.735,0.265,-0.2023,N/A,N/A,0,0,0,0,0,1,0,0,1,0,0,0,0,0,0,0,0,0,6,0
2025-09-19 22:13:22,Often,Often,Sometimes,Often,Sometimes,"I am definitely burning out and have one or more symptoms of burnout, such as physical and emotional exhaustion",0.247340368,0.01601580903,0.03718600648,0.01083617082,12.5,62.5,25,0.182,0.438,0.38,-0.4019,N/A,N/A,1,0,0,1,0,0,0,0,0,1,0,0,0,0,0,0,0,0,5,0
2025-09-19 23:10:51,Often,Often,Sometimes,Often,Sometimes,"I am definitely burning out and have one or more symptoms of burnout, such as physical and emotional exhaustion",0.2507574425,0.01771551854,0.04012815197,0.01076869874,0,100,0,0.321,0.385,0.295,0.0516,N/A,N/A,0,0,0,0,0,0,0,0,0,0,0,0,0,0,0,0,0,0,8,0
2025-09-19 23:13:16,Often,Often,Sometimes,Often,Sometimes,"I am definitely burning out and have one or more symptoms of burnout, such as physical and emotional exhaustion",0.2275565722,0.01440495912,0.05611589855,0.02279922464,12.5,75,12.5,0,0.768,0.232,-0.2057,N/A,N/A,0,0,0,0,0,1,0,0,0,0,0,1,0,0,0,0,0,0,6,0
2025-09-19 23:13:20,Often,Often,Sometimes,Often,Sometimes,"I am definitely burning out and have one or more symptoms of burnout, such as physical and emotional exhaustion",0.2275565722,0.01440495912,0.05611589855,0.02279922464,12.5,75,12.5,0,0.768,0.232,-0.2057,N/A,N/A,0,0,0,0,0,1,0,0,0,0,0,1,0,0,0,0,0,0,6,0
